id,date,input,output
0,2011,Evan Horwood plays for <extra_id_0>.,<extra_id_0> Hartlepool United F.C. <extra_id_1>
1,2011,Ghulam Rasool Sahi is a member of the <extra_id_0>.,<extra_id_0> Pakistan Muslim League (Q) <extra_id_1>
2,2011,Yuli Edelstein holds the position of <extra_id_0>.,<extra_id_0> Minister of Diaspora Affairs <extra_id_1>
3,2011,Sanath Jayasuriya plays for <extra_id_0>.,<extra_id_0> Ruhuna Royals <extra_id_1>
4,2011,<extra_id_0> is the head coach of FC Granit Mikashevichi.,<extra_id_0> Valery Bakhno <extra_id_1>
5,2011,Michael Spindelegger holds the position of <extra_id_0>.,<extra_id_0> Vice-Chancellor of Austria <extra_id_1>
6,2011,Nicola Gaston works for <extra_id_0>.,<extra_id_0> MacDiarmid Institute for Advanced Materials and Nanotechnology <extra_id_1>
7,2011,Júlio César plays for <extra_id_0>.,<extra_id_0> Inter Milan <extra_id_1>
8,2011,Nick Swisher plays for <extra_id_0>.,<extra_id_0> New York Yankees <extra_id_1>
9,2011,Ilya Ponomarev is a member of the <extra_id_0>.,<extra_id_0> A Just Russia <extra_id_1>
10,2011,<extra_id_0> is the head coach of St. Mirren F.C..,<extra_id_0> Danny Lennon <extra_id_1>
11,2011,"Jim Wallace, Baron Wallace of Tankerness holds the position of <extra_id_0>.",<extra_id_0> Advocate General for Scotland <extra_id_1>
12,2011,<extra_id_0> is the head coach of Germany national handball team.,<extra_id_0> Martin Heuberger <extra_id_1>
13,2011,<extra_id_0> is the head coach of FC Bayern Munich.,<extra_id_0> Andries Jonker <extra_id_1>
14,2011,Luke Freeman plays for <extra_id_0>.,<extra_id_0> Arsenal F.C. <extra_id_1>
15,2011,Bruno Mantovani works for <extra_id_0>.,<extra_id_0> Conservatoire de Paris <extra_id_1>
16,2011,Antonio Di Natale plays for <extra_id_0>.,<extra_id_0> Udinese Calcio <extra_id_1>
17,2011,Sebastian Giovinco plays for <extra_id_0>.,<extra_id_0> Parma Calcio 1913 <extra_id_1>
18,2011,Dwight Tiendalli plays for <extra_id_0>.,<extra_id_0> FC Twente <extra_id_1>
19,2011,Andrew D. Martin works for <extra_id_0>.,<extra_id_0> Washington University in St. Louis <extra_id_1>
20,2011,Annegret Kramp-Karrenbauer holds the position of <extra_id_0>.,<extra_id_0> chairperson <extra_id_1>
21,2011,Wu Den-yih holds the position of <extra_id_0>.,<extra_id_0> President of the Executive Yuan <extra_id_1>
22,2011,Anna Júlia Donáth attended <extra_id_0>.,<extra_id_0> Eötvös Loránd University <extra_id_1>
23,2011,Sardar Azmoun plays for <extra_id_0>.,<extra_id_0> Iran national under-17 football team <extra_id_1>
24,2011,<extra_id_0> is the chair of International Shooting Sport Federation.,<extra_id_0> Olegario Vázquez Raña <extra_id_1>
25,2011,Sarah Feinberg works for <extra_id_0>.,<extra_id_0> Bloomberg L.P. <extra_id_1>
26,2011,<extra_id_0> is the chair of Moscow Mathematical Society.,<extra_id_0> Viktor Vasilyev <extra_id_1>
27,2011,David Castle works for <extra_id_0>.,<extra_id_0> University of Edinburgh <extra_id_1>
28,2011,Alexis Sánchez plays for <extra_id_0>.,<extra_id_0> FC Barcelona <extra_id_1>
29,2011,Anne Madden attended <extra_id_0>.,<extra_id_0> Tufts University <extra_id_1>
30,2011,Ingebjørg Godskesen is a member of the <extra_id_0>.,<extra_id_0> Progress Party <extra_id_1>
31,2011,Xavier Bertrand is a member of the <extra_id_0>.,<extra_id_0> Union for a Popular Movement <extra_id_1>
32,2011,Akhtarul Iman is a member of the <extra_id_0>.,<extra_id_0> Rashtriya Janata Dal <extra_id_1>
33,2011,Jessica Valenti works for <extra_id_0>.,<extra_id_0> The Nation <extra_id_1>
34,2011,<extra_id_0> is the head coach of FC Krasnodar.,<extra_id_0> Slavoljub Muslin <extra_id_1>
35,2011,Steve Womack holds the position of <extra_id_0>.,<extra_id_0> United States representative <extra_id_1>
36,2011,Íñigo Méndez de Vigo holds the position of <extra_id_0>.,<extra_id_0> member of the European Parliament <extra_id_1>
37,2011,Louis Bontes is a member of the <extra_id_0>.,<extra_id_0> Party for Freedom <extra_id_1>
38,2011,Caroline McMillen works for <extra_id_0>.,<extra_id_0> University of Newcastle <extra_id_1>
39,2011,Sabine Carey works for <extra_id_0>.,<extra_id_0> University of Mannheim <extra_id_1>
40,2011,Carson Palmer plays for <extra_id_0>.,<extra_id_0> Las Vegas Raiders <extra_id_1>
41,2011,<extra_id_0> is the head coach of FC Chita.,<extra_id_0> Andrey Nedorezov <extra_id_1>
42,2011,<extra_id_0> is the head coach of Hamburger SV.,<extra_id_0> Thorsten Fink <extra_id_1>
43,2011,Hatem Ben Arfa plays for <extra_id_0>.,<extra_id_0> Newcastle United F.C. <extra_id_1>
44,2011,<extra_id_0> is the chair of University of Waterloo.,<extra_id_0> Feridun Hamdullahpur <extra_id_1>
45,2011,<extra_id_0> is the head coach of SC Freiburg.,<extra_id_0> Christian Streich <extra_id_1>
46,2011,<extra_id_0> is the head coach of A.C. Pisa 1909.,<extra_id_0> Leonardo Semplici <extra_id_1>
47,2011,<extra_id_0> is the head coach of Armenia national football team.,<extra_id_0> Vardan Minasyan <extra_id_1>
48,2011,Sarath Fonseka is a member of the <extra_id_0>.,<extra_id_0> Democratic National Alliance <extra_id_1>
49,2011,Philippe Verdier works for <extra_id_0>.,<extra_id_0> BFM TV <extra_id_1>
50,2011,Mark Cavendish plays for <extra_id_0>.,<extra_id_0> HTC-Highroad <extra_id_1>
51,2011,<extra_id_0> is the chair of Ministry of Internal Affairs of Ukraine.,<extra_id_0> Vitaliy Zakharchenko <extra_id_1>
52,2011,Michel Temer holds the position of <extra_id_0>.,<extra_id_0> Vice President of Brazil <extra_id_1>
53,2011,Wonpil Im works for <extra_id_0>.,<extra_id_0> University of Kansas <extra_id_1>
54,2011,<extra_id_0> is the head coach of St Johnstone F.C..,<extra_id_0> Steve Lomas <extra_id_1>
55,2011,Fraser Forster plays for <extra_id_0>.,<extra_id_0> Newcastle United F.C. <extra_id_1>
56,2011,<extra_id_0> is the chair of The CW.,<extra_id_0> Dawn Ostroff <extra_id_1>
57,2011,Anna J. Phillips works for <extra_id_0>.,<extra_id_0> University of Connecticut <extra_id_1>
58,2011,Antonio Valencia plays for <extra_id_0>.,<extra_id_0> Manchester United F.C. <extra_id_1>
59,2011,Daniel Constantin is a member of the <extra_id_0>.,<extra_id_0> Conservative Party <extra_id_1>
60,2011,Benigno Aquino III holds the position of <extra_id_0>.,<extra_id_0> President of the Philippines <extra_id_1>
61,2011,Alberto Abadie works for <extra_id_0>.,<extra_id_0> Harvard University <extra_id_1>
62,2011,Michael Chopra plays for <extra_id_0>.,<extra_id_0> Cardiff City F.C. <extra_id_1>
63,2011,Susan B. Sinnott works for <extra_id_0>.,<extra_id_0> University of Florida <extra_id_1>
64,2011,Douglas Crockford works for <extra_id_0>.,<extra_id_0> Yahoo <extra_id_1>
65,2011,<extra_id_0> is the head of the government of Pennsylvania.,<extra_id_0> Tom Corbett <extra_id_1>
66,2011,Diego Milito plays for <extra_id_0>.,<extra_id_0> Inter Milan <extra_id_1>
67,2011,<extra_id_0> is the head coach of Poland national association football team.,<extra_id_0> Franciszek Smuda <extra_id_1>
68,2011,<extra_id_0> is the head of the government of Sardinia.,<extra_id_0> Ugo Cappellacci <extra_id_1>
69,2011,Federico Macheda plays for <extra_id_0>.,<extra_id_0> Italy national under-21 football team <extra_id_1>
70,2011,<extra_id_0> is the head of the government of Florence.,<extra_id_0> Matteo Renzi <extra_id_1>
71,2011,Johann-Dietrich Wörner holds the position of <extra_id_0>.,<extra_id_0> director <extra_id_1>
72,2011,<extra_id_0> is the head of the government of Budapest District I.,<extra_id_0> Gábor Tamás Nagy <extra_id_1>
73,2011,Terry Mills is a member of the <extra_id_0>.,<extra_id_0> Country Liberal Party <extra_id_1>
74,2011,Shavkat Mirziyoyev holds the position of <extra_id_0>.,<extra_id_0> Prime Minister of Uzbekistan <extra_id_1>
75,2011,Regina E. Dugan works for <extra_id_0>.,<extra_id_0> DARPA <extra_id_1>
76,2011,Bastian Schweinsteiger plays for <extra_id_0>.,<extra_id_0> Germany national association football team <extra_id_1>
77,2011,Tom MacArthur holds the position of <extra_id_0>.,<extra_id_0> city council <extra_id_1>
78,2011,Fratelli Fabbri Editori is owned by <extra_id_0>.,<extra_id_0> RCS MediaGroup <extra_id_1>
79,2011,South China Morning Post is owned by <extra_id_0>.,<extra_id_0> Great Wall Pan Asia Holdings <extra_id_1>
80,2011,George Boyd plays for <extra_id_0>.,<extra_id_0> Peterborough United F.C. <extra_id_1>
81,2011,Dennis Hood is a member of the <extra_id_0>.,<extra_id_0> Family First Party <extra_id_1>
82,2011,Chauncey Billups plays for <extra_id_0>.,<extra_id_0> Los Angeles Clippers <extra_id_1>
83,2011,Nelson Valdez plays for <extra_id_0>.,<extra_id_0> Rubin Kazan <extra_id_1>
84,2011,Sud de France Arena is owned by <extra_id_0>.,<extra_id_0> Languedoc-Roussillon <extra_id_1>
85,2011,Michail Michailowitsch Kapranow works for <extra_id_0>.,<extra_id_0> Yale University <extra_id_1>
86,2011,Mike Harrington works for <extra_id_0>.,<extra_id_0> Google <extra_id_1>
87,2011,Yvan Benedetti is a member of the <extra_id_0>.,<extra_id_0> National Rally <extra_id_1>
88,2011,Paul McGowan plays for <extra_id_0>.,<extra_id_0> Celtic F.C. <extra_id_1>
89,2011,Kushboo is a member of the <extra_id_0>.,<extra_id_0> Dravida Munnetra Kazhagam <extra_id_1>
90,2011,<extra_id_0> is the head of the government of Poland.,<extra_id_0> Donald Tusk <extra_id_1>
91,2011,Gabriela Pazmiño is a member of the <extra_id_0>.,<extra_id_0> Ecuadorian Roldosist Party <extra_id_1>
92,2011,Gabriela Pazmiño works for <extra_id_0>.,<extra_id_0> TC Televisión <extra_id_1>
93,2011,Peter Hain holds the position of <extra_id_0>.,<extra_id_0> Shadow Secretary of State for Wales <extra_id_1>
94,2011,Sally M. Foster works for <extra_id_0>.,<extra_id_0> University of Glasgow <extra_id_1>
95,2011,<extra_id_0> is the head of the government of São Paulo.,<extra_id_0> Gilberto Kassab <extra_id_1>
96,2011,<extra_id_0> is the head of the government of São Paulo.,<extra_id_0> Geraldo Alckmin <extra_id_1>
97,2011,Javier Hernández plays for <extra_id_0>.,<extra_id_0> Manchester United F.C. <extra_id_1>
98,2011,Anne Tolley holds the position of <extra_id_0>.,<extra_id_0> Minister of Education <extra_id_1>
99,2011,<extra_id_0> is the head of the government of Odessa Oblast.,<extra_id_0> Ihor Palytsia <extra_id_1>
100,2011,James Franklin Jeffrey holds the position of <extra_id_0>.,<extra_id_0> United States Ambassador to Iraq <extra_id_1>
101,2011,Jake Bernstein works for <extra_id_0>.,<extra_id_0> ProPublica <extra_id_1>
102,2011,<extra_id_0> is the head of the government of Saarbrücken.,<extra_id_0> Charlotte Britz <extra_id_1>
103,2011,Ismaïl Aissati plays for <extra_id_0>.,<extra_id_0> AFC Ajax <extra_id_1>
104,2011,Mohamed Ghannouchi holds the position of <extra_id_0>.,<extra_id_0> President of Tunisia <extra_id_1>
105,2011,John Galliano works for <extra_id_0>.,<extra_id_0> Christian Dior S.A. <extra_id_1>
106,2011,Tom Cleverley plays for <extra_id_0>.,<extra_id_0> England national under-21 football team <extra_id_1>
107,2011,Bojan Krkić plays for <extra_id_0>.,<extra_id_0> FC Barcelona <extra_id_1>
108,2011,"Patricia Scotland, Baroness Scotland of Asthal holds the position of <extra_id_0>.",<extra_id_0> Attorney General for England and Wales <extra_id_1>
109,2011,James Howard works for <extra_id_0>.,<extra_id_0> University of Maryland Global Campus <extra_id_1>
110,2011,<extra_id_0> is the head of the government of Andorra.,<extra_id_0> Antoni Martí <extra_id_1>
111,2011,Steven Naismith plays for <extra_id_0>.,<extra_id_0> Rangers F.C. <extra_id_1>
112,2011,Mitchell Johnson plays for <extra_id_0>.,<extra_id_0> Australia national cricket team <extra_id_1>
113,2011,Anna Keay works for <extra_id_0>.,<extra_id_0> English Heritage <extra_id_1>
114,2011,Tony Renda works for <extra_id_0>.,<extra_id_0> Washington Nationals <extra_id_1>
115,2011,David Kaye works for <extra_id_0>.,<extra_id_0> UCLA School of Law <extra_id_1>
116,2011,Bridget McKenzie holds the position of <extra_id_0>.,<extra_id_0> Member of the Australian Senate <extra_id_1>
117,2011,<extra_id_0> is the head coach of Atlético Madrid.,<extra_id_0> Quique Sánchez Flores <extra_id_1>
118,2011,Adam Chicksen plays for <extra_id_0>.,<extra_id_0> Milton Keynes Dons F.C. <extra_id_1>
119,2011,<extra_id_0> is the head of the government of Cameroon.,<extra_id_0> Philémon Yang <extra_id_1>
120,2011,Simon Stoddart works for <extra_id_0>.,<extra_id_0> University of Cambridge <extra_id_1>
121,2011,The Eagle is owned by <extra_id_0>.,<extra_id_0> Berkshire Hathaway <extra_id_1>
122,2011,Marcus Bosch works for <extra_id_0>.,<extra_id_0> Staatstheater Nürnberg <extra_id_1>
123,2011,<extra_id_0> is the chair of Gibraltar Socialist Labour Party.,<extra_id_0> Joe Bossano <extra_id_1>
124,2011,<extra_id_0> is the head of the government of Saudi Arabia.,<extra_id_0> Abdullah of Saudi Arabia <extra_id_1>
125,2011,Nasreena Ibrahim is a member of the <extra_id_0>.,<extra_id_0> Dhivehi Rayyithunge Party <extra_id_1>
126,2011,Chris Hackett plays for <extra_id_0>.,<extra_id_0> Millwall F.C. <extra_id_1>
127,2011,<extra_id_0> is the chair of Association for the Advancement of Artificial Intelligence.,<extra_id_0> Henry Kautz <extra_id_1>
128,2011,<extra_id_0> is the chair of Associated British Foods.,<extra_id_0> Charles Sinclair <extra_id_1>
129,2011,Havas is owned by <extra_id_0>.,<extra_id_0> Bolloré <extra_id_1>
130,2011,<extra_id_0> is the head of the government of Lyon.,<extra_id_0> Gérard Collomb <extra_id_1>
131,2011,Eduardo da Silva plays for <extra_id_0>.,<extra_id_0> Croatia national association football team <extra_id_1>
132,2011,Carles Puyol plays for <extra_id_0>.,<extra_id_0> Catalonia national football team <extra_id_1>
133,2011,<extra_id_0> is the head coach of Inter Milan.,<extra_id_0> Claudio Ranieri <extra_id_1>
134,2011,Jayson Musson attended <extra_id_0>.,<extra_id_0> University of Pennsylvania <extra_id_1>
135,2011,<extra_id_0> is the chair of Roman Catholic Archdiocese of Cardiff.,<extra_id_0> George Stack <extra_id_1>
136,2011,Mark Hudson plays for <extra_id_0>.,<extra_id_0> Cardiff City F.C. <extra_id_1>
137,2011,Chris Johnson plays for <extra_id_0>.,<extra_id_0> Tennessee Titans <extra_id_1>
138,2011,Jordi Xuclà is a member of the <extra_id_0>.,<extra_id_0> Democratic Convergence of Catalonia <extra_id_1>
139,2011,Graham Harman works for <extra_id_0>.,<extra_id_0> The American University in Cairo <extra_id_1>
140,2011,Tomohiro Ishikawa is a member of the <extra_id_0>.,<extra_id_0> New Party Daichi <extra_id_1>
141,2011,Michael D. Higgins holds the position of <extra_id_0>.,<extra_id_0> Teachta Dála <extra_id_1>
142,2011,Lomana LuaLua plays for <extra_id_0>.,<extra_id_0> DR Congo national football team <extra_id_1>
143,2011,Madison Gesiotto attended <extra_id_0>.,<extra_id_0> Ohio State University <extra_id_1>
144,2011,<extra_id_0> is the head of the government of Poznań.,<extra_id_0> Ryszard Grobelny <extra_id_1>
145,2011,<extra_id_0> is the head of the government of Kinmen.,<extra_id_0> Li Wo-shi <extra_id_1>
146,2011,Marcelo plays for <extra_id_0>.,<extra_id_0> Brazil Olympic football team <extra_id_1>
147,2011,Ursula Staudinger works for <extra_id_0>.,<extra_id_0> Jacobs University Bremen <extra_id_1>
148,2011,Rudy Fernández plays for <extra_id_0>.,<extra_id_0> Denver Nuggets <extra_id_1>
149,2011,<extra_id_0> is the chair of FC Girondins de Bordeaux.,<extra_id_0> Jean-Louis Triaud <extra_id_1>
150,2011,Robert Green plays for <extra_id_0>.,<extra_id_0> West Ham United F.C. <extra_id_1>
151,2011,Gerardo Villanueva Albarrán is a member of the <extra_id_0>.,<extra_id_0> Party of the Democratic Revolution <extra_id_1>
152,2011,Åsane Storsenter is owned by <extra_id_0>.,<extra_id_0> Steen & Strøm <extra_id_1>
153,2011,Ranil Wickremesinghe holds the position of <extra_id_0>.,<extra_id_0> Leader of the Opposition <extra_id_1>
154,2011,Rahul Dravid plays for <extra_id_0>.,<extra_id_0> India national cricket team <extra_id_1>
155,2011,Mia Love holds the position of <extra_id_0>.,<extra_id_0> mayor <extra_id_1>
156,2011,Allegra Rose Edwards attended <extra_id_0>.,<extra_id_0> American Conservatory Theater <extra_id_1>
157,2011,<extra_id_0> is the chair of University of Tokyo.,<extra_id_0> Junichi Hamada <extra_id_1>
158,2011,Joe Biden holds the position of <extra_id_0>.,<extra_id_0> Vice President of the United States <extra_id_1>
159,2011,Marine Le Pen holds the position of <extra_id_0>.,<extra_id_0> member of the European Parliament <extra_id_1>
160,2011,Tomáš Rosický plays for <extra_id_0>.,<extra_id_0> Arsenal F.C. <extra_id_1>
161,2011,Dovre Line is owned by <extra_id_0>.,<extra_id_0> Norwegian National Rail Administration <extra_id_1>
162,2011,Mario Balotelli plays for <extra_id_0>.,<extra_id_0> Manchester City F.C. <extra_id_1>
163,2011,Mary E. Northridge works for <extra_id_0>.,<extra_id_0> New York University College of Dentistry <extra_id_1>
164,2011,Robin van Persie plays for <extra_id_0>.,<extra_id_0> Arsenal F.C. <extra_id_1>
165,2011,Vicente Guallart works for <extra_id_0>.,<extra_id_0> Institute for Advanced Architecture of Catalonia <extra_id_1>
166,2011,<extra_id_0> is the head of the government of Canada.,<extra_id_0> Stephen Harper <extra_id_1>
167,2011,<extra_id_0> is the chair of ITV plc.,<extra_id_0> Archie Norman <extra_id_1>
168,2011,Mathieu Gallet works for <extra_id_0>.,<extra_id_0> Institut National de l'Audiovisuel <extra_id_1>
169,2011,Bharat Mehra works for <extra_id_0>.,"<extra_id_0> University of Tennessee, Knoxville <extra_id_1>"
170,2011,<extra_id_0> is the head of the government of Vienna.,<extra_id_0> Michael Häupl <extra_id_1>
171,2011,Jair Bolsonaro is a member of the <extra_id_0>.,<extra_id_0> Progressive Party <extra_id_1>
172,2011,Owen Paterson holds the position of <extra_id_0>.,<extra_id_0> Secretary of State for Northern Ireland <extra_id_1>
173,2011,Sol Bamba plays for <extra_id_0>.,<extra_id_0> Leicester City F.C. <extra_id_1>
174,2011,<extra_id_0> is the chair of Next plc.,<extra_id_0> John Barton <extra_id_1>
175,2011,<extra_id_0> is the chair of Federal Emergency Management Agency.,<extra_id_0> Craig Fugate <extra_id_1>
176,2011,Sandy Abi-Elias attended <extra_id_0>.,<extra_id_0> Teddington School <extra_id_1>
177,2011,Self-portrait wearing a white feathered bonnet is owned by <extra_id_0>.,<extra_id_0> National Trust <extra_id_1>
178,2011,Kenneth Clarke holds the position of <extra_id_0>.,<extra_id_0> Lord Chancellor <extra_id_1>
179,2011,Paul Butler holds the position of <extra_id_0>.,<extra_id_0> Bishop of Southwell and Nottingham <extra_id_1>
180,2011,<extra_id_0> is the head of the government of New Brunswick.,<extra_id_0> David Alward <extra_id_1>
181,2011,Troy Bell is a member of the <extra_id_0>.,<extra_id_0> Liberal Party of Australia <extra_id_1>
182,2011,Marta Lewicka works for <extra_id_0>.,<extra_id_0> University of Pittsburgh <extra_id_1>
183,2011,Boy and Dog in a Johnnypump is owned by <extra_id_0>.,<extra_id_0> Peter M. Brant <extra_id_1>
184,2011,"Joseph F. Dunford, Jr. holds the position of <extra_id_0>.",<extra_id_0> Assistant Commandant of the Marine Corps <extra_id_1>
185,2011,Carolyn Abbate works for <extra_id_0>.,<extra_id_0> University of Pennsylvania <extra_id_1>
186,2011,Henrikh Mkhitaryan plays for <extra_id_0>.,<extra_id_0> FC Shakhtar Donetsk <extra_id_1>
187,2011,<extra_id_0> is the chair of Pirate Party.,<extra_id_0> Anna Troberg <extra_id_1>
188,2011,Carolyn Lawrence-Dill works for <extra_id_0>.,<extra_id_0> Agricultural Research Service <extra_id_1>
189,2011,Blase J. Cupich holds the position of <extra_id_0>.,<extra_id_0> diocesan bishop <extra_id_1>
190,2011,Theodoros Currentzis works for <extra_id_0>.,<extra_id_0> Perm Opera and Ballet Theatre <extra_id_1>
191,2011,Lucy Gichuhi is a member of the <extra_id_0>.,<extra_id_0> Family First Party <extra_id_1>
192,2011,Rich Nugent holds the position of <extra_id_0>.,<extra_id_0> United States representative <extra_id_1>
193,2011,Victor Ciorbea is a member of the <extra_id_0>.,<extra_id_0> Christian-Democratic National Peasants' Party <extra_id_1>
194,2011,<extra_id_0> is the head coach of South Africa national rugby union team.,<extra_id_0> Heyneke Meyer <extra_id_1>
195,2011,<extra_id_0> is the chair of Italian Liberal Party.,<extra_id_0> Carlo Scognamiglio <extra_id_1>
196,2011,Elinor Ostrom works for <extra_id_0>.,<extra_id_0> Indiana University <extra_id_1>
197,2011,Bernard Monot is a member of the <extra_id_0>.,<extra_id_0> National Rally <extra_id_1>
198,2011,Phil Murphy holds the position of <extra_id_0>.,<extra_id_0> United States Ambassador to Germany <extra_id_1>
199,2011,Leo Varadkar holds the position of <extra_id_0>.,<extra_id_0> Teachta Dála <extra_id_1>
200,2011,Jaguar is owned by <extra_id_0>.,<extra_id_0> Jaguar Cars <extra_id_1>
201,2011,Jimmy Smith plays for <extra_id_0>.,<extra_id_0> Leyton Orient F.C. <extra_id_1>
202,2011,Ryan Babel plays for <extra_id_0>.,<extra_id_0> TSG 1899 Hoffenheim <extra_id_1>
203,2011,Alberto Aquilani plays for <extra_id_0>.,<extra_id_0> Liverpool F.C. <extra_id_1>
204,2011,Kalani Brown attended <extra_id_0>.,<extra_id_0> Salmen High School <extra_id_1>
205,2011,Serdar Tasci plays for <extra_id_0>.,<extra_id_0> VfB Stuttgart <extra_id_1>
206,2011,Lluís Puig i Gordi is a member of the <extra_id_0>.,<extra_id_0> Catalan European Democratic Party <extra_id_1>
207,2011,Marina Silva is a member of the <extra_id_0>.,<extra_id_0> Green Party <extra_id_1>
208,2011,Rory Delap plays for <extra_id_0>.,<extra_id_0> Stoke City F.C. <extra_id_1>
209,2011,Damien Carême is a member of the <extra_id_0>.,<extra_id_0> Socialist Party <extra_id_1>
210,2011,<extra_id_0> is the chair of Alberta New Democratic Party.,<extra_id_0> Brian Mason <extra_id_1>
211,2011,Frank Scholze works for <extra_id_0>.,<extra_id_0> Karlsruhe Institute of Technology <extra_id_1>
212,2011,Freddie Sears plays for <extra_id_0>.,<extra_id_0> West Ham United F.C. <extra_id_1>
213,2011,Dimitris Papadimoulis is a member of the <extra_id_0>.,<extra_id_0> Synaspismós <extra_id_1>
214,2011,Sandra Schmid works for <extra_id_0>.,<extra_id_0> Scripps Research <extra_id_1>
215,2011,Sandra Wolin works for <extra_id_0>.,<extra_id_0> Yale School of Medicine <extra_id_1>
216,2011,Stephen Donnelly holds the position of <extra_id_0>.,<extra_id_0> Teachta Dála <extra_id_1>
217,2011,Miguel de Icaza works for <extra_id_0>.,<extra_id_0> Xamarin <extra_id_1>
218,2011,Dominique Bertinotti is a member of the <extra_id_0>.,<extra_id_0> Socialist Party <extra_id_1>
219,2011,<extra_id_0> is the chair of Toulouse FC.,<extra_id_0> Olivier Sadran <extra_id_1>
220,2011,Peter Odemwingie plays for <extra_id_0>.,<extra_id_0> Nigeria national football team <extra_id_1>
221,2011,Alan Johnson holds the position of <extra_id_0>.,<extra_id_0> Shadow Chancellor of the Exchequer <extra_id_1>
222,2011,Hernán Crespo plays for <extra_id_0>.,<extra_id_0> Parma Calcio 1913 <extra_id_1>
223,2011,Wolfgang Wiehle is a member of the <extra_id_0>.,<extra_id_0> Christian Social Union of Bavaria <extra_id_1>
224,2011,Angaston Power Station is owned by <extra_id_0>.,<extra_id_0> Infratil <extra_id_1>
225,2011,Will Smith attended <extra_id_0>.,<extra_id_0> Kentucky Country Day School <extra_id_1>
226,2011,Sylvain Maillard is a member of the <extra_id_0>.,<extra_id_0> Les Centristes <extra_id_1>
227,2011,Raúl Jiménez plays for <extra_id_0>.,<extra_id_0> Monarcas Morelia <extra_id_1>
228,2011,Sandy MacIver attended <extra_id_0>.,<extra_id_0> Sir John Deane's College <extra_id_1>
229,2011,Tom Frieden holds the position of <extra_id_0>.,<extra_id_0> director <extra_id_1>
230,2011,Francesc Homs Molist is a member of the <extra_id_0>.,<extra_id_0> Democratic Convergence of Catalonia <extra_id_1>
231,2011,Barnaby Joyce holds the position of <extra_id_0>.,<extra_id_0> Member of the Australian Senate <extra_id_1>
232,2011,Eric Chu holds the position of <extra_id_0>.,<extra_id_0> Mayor of New Taipei <extra_id_1>
233,2011,Teaira McCowan attended <extra_id_0>.,<extra_id_0> Brenham High School <extra_id_1>
234,2011,Ubaldo Jiménez plays for <extra_id_0>.,<extra_id_0> Colorado Rockies <extra_id_1>
235,2011,Barry O'Farrell holds the position of <extra_id_0>.,<extra_id_0> Premier of New South Wales <extra_id_1>
236,2011,<extra_id_0> is the head of the government of Delaware.,<extra_id_0> Jack Markell <extra_id_1>
237,2011,The Onion is owned by <extra_id_0>.,<extra_id_0> Fusion Media Group <extra_id_1>
238,2011,Vladimir Milov is a member of the <extra_id_0>.,"<extra_id_0> People's Freedom Party ""For Russia without Lawlessness and Corruption"" <extra_id_1>"
239,2011,Kris Boyd plays for <extra_id_0>.,<extra_id_0> Middlesbrough F.C. <extra_id_1>
240,2011,Willie O'Dea holds the position of <extra_id_0>.,<extra_id_0> Teachta Dála <extra_id_1>
241,2011,Joaquim Forn is a member of the <extra_id_0>.,<extra_id_0> Democratic Convergence of Catalonia <extra_id_1>
242,2011,David Trezeguet plays for <extra_id_0>.,<extra_id_0> Baniyas SC <extra_id_1>
243,2011,Douglas Carswell is a member of the <extra_id_0>.,<extra_id_0> Conservative Party <extra_id_1>
244,2011,Belinda Johnson works for <extra_id_0>.,<extra_id_0> Airbnb <extra_id_1>
245,2011,<extra_id_0> is the chair of Parliamentary Assembly of the Organization for Security and Co-operation in Europe.,<extra_id_0> Petros Efthymiou <extra_id_1>
246,2011,České aerolinie is owned by <extra_id_0>.,<extra_id_0> Korean Air <extra_id_1>
247,2011,John Ratcliffe holds the position of <extra_id_0>.,<extra_id_0> mayor <extra_id_1>
248,2011,James Marape is a member of the <extra_id_0>.,<extra_id_0> National Alliance Party <extra_id_1>
249,2011,Tim Burgess holds the position of <extra_id_0>.,<extra_id_0> councillor <extra_id_1>
250,2011,Teresa Rakowska-Harmstone works for <extra_id_0>.,<extra_id_0> Harvard University <extra_id_1>
251,2011,<extra_id_0> is the head coach of Unione Sportiva Lecce.,<extra_id_0> Eusebio Di Francesco <extra_id_1>
252,2011,<extra_id_0> is the head of the government of United States of America.,<extra_id_0> Barack Obama <extra_id_1>
253,2011,Curt Rice works for <extra_id_0>.,<extra_id_0> University of Tromsø – The Arctic University of Norway <extra_id_1>
254,2011,Joshua Greenberg works for <extra_id_0>.,<extra_id_0> Alfred P. Sloan Foundation <extra_id_1>
255,2011,Yukio Edano holds the position of <extra_id_0>.,<extra_id_0> Minister for Foreign Affairs <extra_id_1>
256,2011,Yukio Edano is a member of the <extra_id_0>.,<extra_id_0> Democratic Party of Japan <extra_id_1>
257,2011,Mathieu Valbuena plays for <extra_id_0>.,<extra_id_0> France national association football team <extra_id_1>
258,2011,Joseph William Tobin holds the position of <extra_id_0>.,<extra_id_0> Catholic bishop <extra_id_1>
259,2011,Rauff Hakeem holds the position of <extra_id_0>.,<extra_id_0> Minister of Justice <extra_id_1>
260,2011,Michael Bostwick plays for <extra_id_0>.,<extra_id_0> Stevenage F.C. <extra_id_1>
261,2011,Renate Weber holds the position of <extra_id_0>.,<extra_id_0> member of the European Parliament <extra_id_1>
262,2011,<extra_id_0> is the head coach of Olympique de Marseille.,<extra_id_0> Didier Deschamps <extra_id_1>
263,2011,Martin Heinrich holds the position of <extra_id_0>.,<extra_id_0> United States representative <extra_id_1>
264,2011,Deborah Orr works for <extra_id_0>.,<extra_id_0> The Guardian <extra_id_1>
265,2011,Graham Watson holds the position of <extra_id_0>.,<extra_id_0> member of the European Parliament <extra_id_1>
266,2011,Mo'ne Davis attended <extra_id_0>.,<extra_id_0> Springside Chestnut Hill Academy <extra_id_1>
267,2011,Tom Cairney plays for <extra_id_0>.,<extra_id_0> Scotland national under-21 football team <extra_id_1>
268,2011,Felix Finkbeiner attended <extra_id_0>.,"<extra_id_0> School of Oriental and African Studies, University of London <extra_id_1>"
269,2011,Thiago Silva plays for <extra_id_0>.,<extra_id_0> Brazil national football team <extra_id_1>
270,2011,Younis Mahmoud plays for <extra_id_0>.,<extra_id_0> Al-Gharafa Sports Club <extra_id_1>
271,2011,Bernhard Schölkopf works for <extra_id_0>.,<extra_id_0> Max Planck Institute for Intelligent Systems <extra_id_1>
272,2011,<extra_id_0> is the chair of Hungarian Academy of Sciences.,<extra_id_0> József Pálinkás <extra_id_1>
273,2011,Tim Cahill plays for <extra_id_0>.,<extra_id_0> Everton F.C. <extra_id_1>
274,2011,Pranab Mukherjee holds the position of <extra_id_0>.,<extra_id_0> Minister of Finance <extra_id_1>
275,2011,Brandi M. Cossairt works for <extra_id_0>.,<extra_id_0> Columbia University <extra_id_1>
276,2011,<extra_id_0> is the chair of Hungarian Socialist Party.,<extra_id_0> Attila Mesterházy <extra_id_1>
277,2011,Manuel Neuer plays for <extra_id_0>.,<extra_id_0> FC Bayern Munich <extra_id_1>
278,2011,Glenn Maxwell plays for <extra_id_0>.,<extra_id_0> Melbourne Renegades <extra_id_1>
279,2011,Steve Jones plays for <extra_id_0>.,<extra_id_0> Droylsden F.C. <extra_id_1>
280,2011,Brandon Clarke attended <extra_id_0>.,<extra_id_0> Desert Vista High School <extra_id_1>
281,2011,<extra_id_0> is the head of the government of Manitoba.,<extra_id_0> Greg Selinger <extra_id_1>
282,2011,Álvaro Uribe Vélez is a member of the <extra_id_0>.,<extra_id_0> Social Party of National Unity <extra_id_1>
283,2011,<extra_id_0> is the chair of Mejlis of the Crimean Tatar People.,<extra_id_0> Mustafa Dzhemilev <extra_id_1>
284,2011,Hugo Chávez holds the position of <extra_id_0>.,<extra_id_0> President of Venezuela <extra_id_1>
285,2011,Alyssa Healy plays for <extra_id_0>.,<extra_id_0> Australia national cricket team <extra_id_1>
286,2011,<extra_id_0> is the head of the government of Montgomery County.,<extra_id_0> Isiah Leggett <extra_id_1>
287,2011,Andrea Dutton works for <extra_id_0>.,<extra_id_0> University of Florida <extra_id_1>
288,2011,Brian Schatz holds the position of <extra_id_0>.,<extra_id_0> Lieutenant Governor of Hawaii <extra_id_1>
289,2011,J. J. Watt plays for <extra_id_0>.,<extra_id_0> Houston Texans <extra_id_1>
290,2011,Gail Koziara Boudreaux works for <extra_id_0>.,<extra_id_0> UnitedHealth Group <extra_id_1>
291,2011,<extra_id_0> is the chair of Rijksmuseum.,<extra_id_0> Anthony Ruys <extra_id_1>
292,2011,<extra_id_0> is the head of the government of Niigata Prefecture.,<extra_id_0> Hirohiko Izumida <extra_id_1>
293,2011,"Chesley ""Sully"" Sullenberger works for <extra_id_0>.",<extra_id_0> CBS News <extra_id_1>
294,2011,SourceForge is owned by <extra_id_0>.,<extra_id_0> Vera Augustin Research <extra_id_1>
295,2011,Erik Solheim holds the position of <extra_id_0>.,<extra_id_0> Minister of International Development <extra_id_1>
296,2011,Merete Riisager works for <extra_id_0>.,<extra_id_0> The Lego Group <extra_id_1>
297,2011,Merete Riisager is a member of the <extra_id_0>.,<extra_id_0> Liberal Alliance <extra_id_1>
298,2011,<extra_id_0> is the chair of Verein für Socialpolitik.,<extra_id_0> Michael C. Burda <extra_id_1>
299,2011,Doug Shane works for <extra_id_0>.,<extra_id_0> Scaled Composites <extra_id_1>
300,2011,Giuseppe Veltri works for <extra_id_0>.,<extra_id_0> University of Halle-Wittenberg <extra_id_1>
301,2011,Glider Ushñahua is a member of the <extra_id_0>.,<extra_id_0> Popular Action <extra_id_1>
302,2011,Vincent Chauvet attended <extra_id_0>.,<extra_id_0> Sciences Po <extra_id_1>
303,2011,<extra_id_0> is the chair of Myanmar Dental Association.,<extra_id_0> Thein Tut <extra_id_1>
304,2011,Edinson Cavani plays for <extra_id_0>.,<extra_id_0> S.S.C. Napoli <extra_id_1>
305,2011,<extra_id_0> is the head coach of FC Astra Giurgiu.,<extra_id_0> Marius Șumudică <extra_id_1>
306,2011,Douglas Alexander holds the position of <extra_id_0>.,<extra_id_0> Shadow Secretary of State for Work and Pensions <extra_id_1>
307,2011,<extra_id_0> is the head of the government of Catalonia.,<extra_id_0> Artur Mas <extra_id_1>
308,2011,Andy Lonergan plays for <extra_id_0>.,<extra_id_0> Preston North End F.C. <extra_id_1>
309,2011,Mindy Grossman works for <extra_id_0>.,<extra_id_0> Home Shopping Network <extra_id_1>
310,2011,Chris Finlayson holds the position of <extra_id_0>.,<extra_id_0> Attorney-General of New Zealand <extra_id_1>
311,2011,Gianni Pittella holds the position of <extra_id_0>.,<extra_id_0> member of the European Parliament <extra_id_1>
312,2011,Jimmer Fredette plays for <extra_id_0>.,<extra_id_0> BYU Cougars men's basketball <extra_id_1>
313,2011,Michèle Dittlot is a member of the <extra_id_0>.,<extra_id_0> National Union for the Future of Monaco <extra_id_1>
314,2011,Jimmy Bullard plays for <extra_id_0>.,<extra_id_0> Ipswich Town F.C. <extra_id_1>
315,2011,John Guidetti plays for <extra_id_0>.,<extra_id_0> Burnley F.C. <extra_id_1>
316,2011,Meritxell Budó i Pla is a member of the <extra_id_0>.,<extra_id_0> Democratic Convergence of Catalonia <extra_id_1>
317,2011,Brian Hayes holds the position of <extra_id_0>.,<extra_id_0> Teachta Dála <extra_id_1>
318,2011,Yoh Iwasa works for <extra_id_0>.,<extra_id_0> Kyushu University <extra_id_1>
319,2011,<extra_id_0> is the chair of University of Richmond.,<extra_id_0> Edward L. Ayers <extra_id_1>
320,2011,Didier Fassin works for <extra_id_0>.,<extra_id_0> Institute for Advanced Study <extra_id_1>
321,2011,Leonore Gewessler works for <extra_id_0>.,<extra_id_0> Green European Foundation <extra_id_1>
322,2011,Jos Buttler plays for <extra_id_0>.,<extra_id_0> Somerset County Cricket Club <extra_id_1>
323,2011,Sintra Line is owned by <extra_id_0>.,<extra_id_0> REFER <extra_id_1>
324,2011,<extra_id_0> is the head coach of Hallescher FC.,<extra_id_0> Sven Köhler <extra_id_1>
325,2011,<extra_id_0> is the head of the government of Istanbul.,<extra_id_0> Kadir Topbaş <extra_id_1>
326,2011,Alexander Hamilton is owned by <extra_id_0>.,<extra_id_0> Credit Suisse <extra_id_1>
327,2011,Stewart Stevenson holds the position of <extra_id_0>.,"<extra_id_0> Cabinet Secretary for Environment, Climate Change and Land Reform <extra_id_1>"
328,2011,Lin Jianhua works for <extra_id_0>.,<extra_id_0> Chongqing University <extra_id_1>
329,2011,Laura Borràs is a member of the <extra_id_0>.,<extra_id_0> independent politician <extra_id_1>
330,2011,Dan Koehl works for <extra_id_0>.,<extra_id_0> Karlsruhe Zoo <extra_id_1>
331,2011,<extra_id_0> is the chair of Liga Veneta.,<extra_id_0> Flavio Tosi <extra_id_1>
332,2011,Steven Salaita works for <extra_id_0>.,<extra_id_0> Virginia Tech <extra_id_1>
333,2011,Lucía Sosa is a member of the <extra_id_0>.,<extra_id_0> Democratic People's Movement <extra_id_1>
334,2011,<extra_id_0> is the head coach of Movistar Team.,<extra_id_0> José Luis Arrieta <extra_id_1>
335,2011,Zoran Milanović holds the position of <extra_id_0>.,<extra_id_0> Prime Minister of Croatia <extra_id_1>
336,2011,Cole Hamels plays for <extra_id_0>.,<extra_id_0> Philadelphia Phillies <extra_id_1>
337,2011,Eric Abetz holds the position of <extra_id_0>.,<extra_id_0> Leader of the Opposition in the Senate <extra_id_1>
338,2011,<extra_id_0> is the chair of Bank of Finland.,<extra_id_0> Erkki Liikanen <extra_id_1>
339,2011,Don Farrell holds the position of <extra_id_0>.,<extra_id_0> Member of the Australian Senate <extra_id_1>
340,2011,William Kamkwamba attended <extra_id_0>.,<extra_id_0> Dartmouth College <extra_id_1>
341,2011,Espen Barth Eide holds the position of <extra_id_0>.,<extra_id_0> Minister of Defence <extra_id_1>
342,2011,Cristian Popescu Piedone is a member of the <extra_id_0>.,<extra_id_0> Conservative Party <extra_id_1>
343,2011,Elina Netšajeva attended <extra_id_0>.,<extra_id_0> Estonian Academy of Music and Theatre <extra_id_1>
344,2011,"Brenda Hale, Baroness Hale of Richmond holds the position of <extra_id_0>.",<extra_id_0> Justice of the Supreme Court of the United Kingdom <extra_id_1>
345,2011,<extra_id_0> is the chair of National Society of Film Critics.,<extra_id_0> David Sterritt <extra_id_1>
346,2011,Sam Lantinga works for <extra_id_0>.,<extra_id_0> 38 Studios <extra_id_1>
347,2011,Phil Hudson works for <extra_id_0>.,"<extra_id_0> Dakota Collegiate, Winnipeg <extra_id_1>"
348,2011,Neymar plays for <extra_id_0>.,<extra_id_0> Santos F.C. <extra_id_1>
349,2011,John Longworth is a member of the <extra_id_0>.,<extra_id_0> Brexit Party <extra_id_1>
350,2011,<extra_id_0> is the head of the government of Albany.,<extra_id_0> Gerald Jennings <extra_id_1>
351,2011,<extra_id_0> is the head coach of A.C. ChievoVerona.,<extra_id_0> Stefano Pioli <extra_id_1>
352,2011,Mario Mandžukić plays for <extra_id_0>.,<extra_id_0> Croatia national association football team <extra_id_1>
353,2011,Mirela Holy is a member of the <extra_id_0>.,<extra_id_0> Social Democratic Party of Croatia <extra_id_1>
354,2011,Pau Gasol plays for <extra_id_0>.,<extra_id_0> Los Angeles Lakers <extra_id_1>
355,2011,<extra_id_0> is the chair of State Ethnic Affairs Commission.,<extra_id_0> Yang Jing <extra_id_1>
356,2011,Westfield Wheaton is owned by <extra_id_0>.,<extra_id_0> Westfield Group <extra_id_1>
357,2011,Nicola Sturgeon holds the position of <extra_id_0>.,<extra_id_0> Cabinet Secretary for Health and Wellbeing <extra_id_1>
358,2011,Bryan Alberts attended <extra_id_0>.,<extra_id_0> Village Christian Schools <extra_id_1>
359,2011,Yoann Gourcuff plays for <extra_id_0>.,<extra_id_0> France national association football team <extra_id_1>
360,2011,Kåre Schultz works for <extra_id_0>.,<extra_id_0> Novo Nordisk <extra_id_1>
361,2011,George van Kooten works for <extra_id_0>.,<extra_id_0> University of Groningen <extra_id_1>
362,2011,Dario Hunter is a member of the <extra_id_0>.,<extra_id_0> Democratic Party <extra_id_1>
363,2011,Thorbjørn Jagland holds the position of <extra_id_0>.,<extra_id_0> Secretary General of the Council of Europe <extra_id_1>
364,2011,Arancha González works for <extra_id_0>.,<extra_id_0> World Trade Organization <extra_id_1>
365,2011,Ricardo Clark plays for <extra_id_0>.,<extra_id_0> United States men's national soccer team <extra_id_1>
366,2011,Selkent is owned by <extra_id_0>.,<extra_id_0> Stagecoach Group <extra_id_1>
367,2011,Tulsi Gabbard holds the position of <extra_id_0>.,<extra_id_0> councillor <extra_id_1>
368,2011,Alexander Stubb holds the position of <extra_id_0>.,<extra_id_0> Minister for Foreign Affairs of Finland <extra_id_1>
369,2011,<extra_id_0> is the head coach of Hapoel Holon.,<extra_id_0> Dan Shamir <extra_id_1>
370,2011,Andrew Mitchell holds the position of <extra_id_0>.,<extra_id_0> Secretary of State for International Development <extra_id_1>
371,2011,François-Michel Lambert is a member of the <extra_id_0>.,<extra_id_0> Ecology Generation <extra_id_1>
372,2011,Romain Grau is a member of the <extra_id_0>.,<extra_id_0> The Republicans <extra_id_1>
373,2011,Rémi Anicotte works for <extra_id_0>.,<extra_id_0> Lycée Louis-le-Grand <extra_id_1>
374,2011,Brittany Kaiser attended <extra_id_0>.,"<extra_id_0> Birkbeck, University of London <extra_id_1>"
375,2011,Deborah L. Birx works for <extra_id_0>.,<extra_id_0> Centers for Disease Control and Prevention <extra_id_1>
376,2011,Zhang Dejiang holds the position of <extra_id_0>.,<extra_id_0> Vice Premier of the State Council of the People's Republic of China <extra_id_1>
377,2011,Tim Scott holds the position of <extra_id_0>.,<extra_id_0> United States representative <extra_id_1>
378,2011,Kenneth Vermeer plays for <extra_id_0>.,<extra_id_0> AFC Ajax <extra_id_1>
379,2011,Laurent Lamothe holds the position of <extra_id_0>.,<extra_id_0> Foreign Minister of Haiti <extra_id_1>
380,2011,Moxie Marlinspike works for <extra_id_0>.,<extra_id_0> Whisper Systems <extra_id_1>
381,2011,Michael Boulding plays for <extra_id_0>.,<extra_id_0> Derby County F.C. <extra_id_1>
382,2011,Fernando Torres plays for <extra_id_0>.,<extra_id_0> Chelsea F.C. <extra_id_1>
383,2011,Muttah Suresh plays for <extra_id_0>.,<extra_id_0> United Sikkim F.C. <extra_id_1>
384,2011,The Frisky is owned by <extra_id_0>.,<extra_id_0> Turner Broadcasting System <extra_id_1>
385,2011,Sabine Hossenfelder works for <extra_id_0>.,<extra_id_0> Nordic Institute for Theoretical Physics <extra_id_1>
386,2011,Meir Cohen is a member of the <extra_id_0>.,<extra_id_0> Yisrael Beiteinu <extra_id_1>
387,2011,Jyrki Katainen holds the position of <extra_id_0>.,<extra_id_0> Deputy Prime Minister of Finland <extra_id_1>
388,2011,Russell Crowe's jockstrap is owned by <extra_id_0>.,<extra_id_0> Russell Crowe <extra_id_1>
389,2011,Aurore Bergé is a member of the <extra_id_0>.,<extra_id_0> The Republicans <extra_id_1>
390,2011,Richard Keogh plays for <extra_id_0>.,<extra_id_0> Coventry City F.C. <extra_id_1>
391,2011,<extra_id_0> is the chair of Société des océanistes.,<extra_id_0> Maurice Godelier <extra_id_1>
392,2011,Yannick Kerlogot is a member of the <extra_id_0>.,<extra_id_0> Europe Ecology – The Greens <extra_id_1>
393,2011,Wout Brama plays for <extra_id_0>.,<extra_id_0> FC Twente <extra_id_1>
394,2011,Charlie Shrem holds the position of <extra_id_0>.,<extra_id_0> chief executive officer <extra_id_1>
395,2011,Samuel Eto'o plays for <extra_id_0>.,<extra_id_0> Inter Milan <extra_id_1>
396,2011,Jeffrey Mark Deskovic attended <extra_id_0>.,<extra_id_0> John Jay College of Criminal Justice <extra_id_1>
397,2011,Mohammad Amir plays for <extra_id_0>.,<extra_id_0> Rawalpindi Rams <extra_id_1>
398,2011,<extra_id_0> is the chair of Post Office Ltd.,<extra_id_0> Sir Donald Brydon <extra_id_1>
399,2011,Statue of Robert Milligan is owned by <extra_id_0>.,<extra_id_0> British Waterways <extra_id_1>
400,2011,Marius Niculae plays for <extra_id_0>.,<extra_id_0> Romania national association football team <extra_id_1>
401,2011,Michel Barnier holds the position of <extra_id_0>.,<extra_id_0> European Commissioner for Internal Market and Services <extra_id_1>
402,2011,Jean-Martin Aussant is a member of the <extra_id_0>.,<extra_id_0> Option nationale <extra_id_1>
403,2011,Rickie Lambert plays for <extra_id_0>.,<extra_id_0> Southampton F.C. <extra_id_1>
404,2011,<extra_id_0> is the head of the government of Toronto.,<extra_id_0> Rob Ford <extra_id_1>
405,2011,<extra_id_0> is the chair of Caritas Italiana.,<extra_id_0> Giuseppe Merisi <extra_id_1>
406,2011,John Darley is a member of the <extra_id_0>.,<extra_id_0> No Pokies <extra_id_1>
407,2011,Ewa Paluch works for <extra_id_0>.,<extra_id_0> Max Planck Institute of Molecular Cell Biology and Genetics <extra_id_1>
408,2011,Andriy Shevchenko plays for <extra_id_0>.,<extra_id_0> FC Dynamo Kyiv <extra_id_1>
409,2011,Benjamin Fung works for <extra_id_0>.,<extra_id_0> Concordia University <extra_id_1>
410,2011,Corrie Moreau works for <extra_id_0>.,<extra_id_0> Field Museum of Natural History <extra_id_1>
411,2011,Galina Timchenko works for <extra_id_0>.,<extra_id_0> Lenta.ru <extra_id_1>
412,2011,Rob Pyne is a member of the <extra_id_0>.,<extra_id_0> Australian Labor Party <extra_id_1>
413,2011,<extra_id_0> is the head of the government of Key West.,<extra_id_0> Craig Cates <extra_id_1>
414,2011,Owen Hargreaves plays for <extra_id_0>.,<extra_id_0> Manchester City F.C. <extra_id_1>
415,2011,Charlie Adam plays for <extra_id_0>.,<extra_id_0> Blackpool F.C. <extra_id_1>
416,2011,Robert Gates holds the position of <extra_id_0>.,<extra_id_0> United States Secretary of Defense <extra_id_1>
417,2011,Penny James works for <extra_id_0>.,<extra_id_0> Prudential plc <extra_id_1>
418,2011,Andrew Rambaut works for <extra_id_0>.,<extra_id_0> University of Edinburgh <extra_id_1>
419,2011,Seán Barrett holds the position of <extra_id_0>.,<extra_id_0> Teachta Dála <extra_id_1>
420,2011,Jennifer Westacott works for <extra_id_0>.,<extra_id_0> KPMG <extra_id_1>
421,2011,Andrea Bargnani plays for <extra_id_0>.,<extra_id_0> Toronto Raptors <extra_id_1>
422,2011,Nicolas Ghesquière works for <extra_id_0>.,<extra_id_0> Balenciaga <extra_id_1>
423,2011,Enda Kenny holds the position of <extra_id_0>.,<extra_id_0> Teachta Dála <extra_id_1>
424,2011,Abhilasha Kumari works for <extra_id_0>.,<extra_id_0> Gujarat High Court <extra_id_1>
425,2011,Anne-Marie Slaughter holds the position of <extra_id_0>.,<extra_id_0> Director of Policy Planning <extra_id_1>
426,2011,Anne-Marie Slaughter works for <extra_id_0>.,<extra_id_0> United States Department of State <extra_id_1>
427,2011,National Geographic Partners is owned by <extra_id_0>.,<extra_id_0> 21st Century Fox <extra_id_1>
428,2011,Andris Piebalgs holds the position of <extra_id_0>.,"<extra_id_0> European Commissioner for International Cooperation, Humanitarian Aid and Crisis Response <extra_id_1>"
429,2011,Vernon Davis plays for <extra_id_0>.,<extra_id_0> San Francisco 49ers <extra_id_1>
430,2011,Numedal Line is owned by <extra_id_0>.,<extra_id_0> Norwegian National Rail Administration <extra_id_1>
431,2011,<extra_id_0> is the head coach of PFC CSKA Moscow.,<extra_id_0> Leonid Slutsky <extra_id_1>
432,2011,Seiji Maehara holds the position of <extra_id_0>.,<extra_id_0> Minister for Foreign Affairs <extra_id_1>
433,2011,Seiji Maehara is a member of the <extra_id_0>.,<extra_id_0> Democratic Party <extra_id_1>
434,2011,"Brian Lenihan, Jnr holds the position of <extra_id_0>.",<extra_id_0> Teachta Dála <extra_id_1>
435,2011,Orrin Hatch holds the position of <extra_id_0>.,<extra_id_0> United States senator <extra_id_1>
436,2011,James A. Robinson works for <extra_id_0>.,<extra_id_0> John F. Kennedy School of Government <extra_id_1>
437,2011,Shane Warne plays for <extra_id_0>.,<extra_id_0> Rajasthan Royals <extra_id_1>
438,2011,Rohit Sharma plays for <extra_id_0>.,<extra_id_0> Mumbai Indians <extra_id_1>
439,2011,Jock Landale attended <extra_id_0>.,<extra_id_0> Geelong Grammar School <extra_id_1>
440,2011,Saleem Shahzad is a member of the <extra_id_0>.,<extra_id_0> Muttahida Qaumi Movement <extra_id_1>
441,2011,<extra_id_0> is the head coach of UTA Arad.,<extra_id_0> Cristian Todea <extra_id_1>
442,2011,The Gainesville Sun is owned by <extra_id_0>.,<extra_id_0> The New York Times Company <extra_id_1>
443,2011,Juice Robinson works for <extra_id_0>.,<extra_id_0> WWE <extra_id_1>
444,2011,Navjot Singh Sidhu is a member of the <extra_id_0>.,<extra_id_0> Bharatiya Janata Party <extra_id_1>
445,2011,<extra_id_0> is the head of the government of Capital Region of Denmark.,<extra_id_0> Vibeke Storm Rasmussen <extra_id_1>
446,2011,<extra_id_0> is the chair of PAIS Alliance.,<extra_id_0> Rafael Correa Delgado <extra_id_1>
447,2011,Gilbert Arenas plays for <extra_id_0>.,<extra_id_0> Orlando Magic <extra_id_1>
448,2011,Simon Emil Ammitzbøll is a member of the <extra_id_0>.,<extra_id_0> Liberal Alliance <extra_id_1>
449,2011,Shahruddin bin Md. Salleh is a member of the <extra_id_0>.,<extra_id_0> United Malays National Organisation <extra_id_1>
450,2011,<extra_id_0> is the head of the government of Saxony-Anhalt.,<extra_id_0> Wolfgang Böhmer <extra_id_1>
451,2011,<extra_id_0> is the head coach of Cowdenbeath F.C..,<extra_id_0> Colin Cameron <extra_id_1>
452,2011,Jessica Ramos works for <extra_id_0>.,<extra_id_0> Service Employees International Union <extra_id_1>
453,2011,Christophe Steiner is a member of the <extra_id_0>.,<extra_id_0> Rally & Issues <extra_id_1>
454,2011,<extra_id_0> is the head of the government of Seoul.,<extra_id_0> Park Won-soon <extra_id_1>
455,2011,<extra_id_0> is the head coach of FCU Craiova 1948.,<extra_id_0> Nicolò Napoli <extra_id_1>
456,2011,Campbell Newman holds the position of <extra_id_0>.,<extra_id_0> Lord Mayor of Brisbane <extra_id_1>
457,2011,Bernie Sanders is a member of the <extra_id_0>.,<extra_id_0> independent politician <extra_id_1>
458,2011,<extra_id_0> is the chair of Indian National Congress.,<extra_id_0> Rahul Gandhi <extra_id_1>
459,2011,<extra_id_0> is the chair of Russian Olympic Committee.,<extra_id_0> Alexander Zhukov <extra_id_1>
460,2011,Thierry Breton holds the position of <extra_id_0>.,<extra_id_0> président-directeur général <extra_id_1>
461,2011,<extra_id_0> is the head of the government of Altai Republic.,<extra_id_0> Alexander Berdnikov <extra_id_1>
462,2011,Bella Alarie attended <extra_id_0>.,<extra_id_0> National Cathedral School <extra_id_1>
463,2011,Alan Smith plays for <extra_id_0>.,<extra_id_0> Newcastle United F.C. <extra_id_1>
464,2011,Desmond Swayne holds the position of <extra_id_0>.,<extra_id_0> Parliamentary Private Secretary to the Prime Minister <extra_id_1>
465,2011,<extra_id_0> is the chair of FDP.The Liberals.,<extra_id_0> Fulvio Pelli <extra_id_1>
466,2011,David W. Kissane works for <extra_id_0>.,<extra_id_0> Memorial Sloan Kettering Cancer Center <extra_id_1>
467,2011,Jordan Henderson plays for <extra_id_0>.,<extra_id_0> England national under-21 football team <extra_id_1>
468,2011,Lucas Biglia plays for <extra_id_0>.,<extra_id_0> R.S.C. Anderlecht <extra_id_1>
469,2011,<extra_id_0> is the chair of European Trade Union Confederation.,<extra_id_0> Wanja Lundby-Wedin <extra_id_1>
470,2011,Ivan Štefanec is a member of the <extra_id_0>.,<extra_id_0> Slovak Democratic and Christian Union – Democratic Party <extra_id_1>
471,2011,Sara Ganim works for <extra_id_0>.,<extra_id_0> The Patriot-News <extra_id_1>
472,2011,Dominique Kalifa works for <extra_id_0>.,<extra_id_0> Sciences Po <extra_id_1>
473,2011,<extra_id_0> is the head of the government of Odder Municipality.,<extra_id_0> Elvin J. Hansen <extra_id_1>
474,2011,Christina Warinner works for <extra_id_0>.,<extra_id_0> University of Oklahoma <extra_id_1>
475,2011,Fideo Di María plays for <extra_id_0>.,<extra_id_0> Real Madrid CF <extra_id_1>
476,2011,<extra_id_0> is the chair of SWPS University of Social Sciences and Humanities.,<extra_id_0> Andrzej Eliasz <extra_id_1>
477,2011,José Évrard is a member of the <extra_id_0>.,<extra_id_0> French Communist Party <extra_id_1>
478,2011,Carol Boggs works for <extra_id_0>.,<extra_id_0> Stanford University <extra_id_1>
479,2011,Tim Kaine holds the position of <extra_id_0>.,<extra_id_0> chairperson <extra_id_1>
480,2011,Drew McDonald attended <extra_id_0>.,<extra_id_0> Newport Central Catholic High School <extra_id_1>
481,2011,Scott Laird plays for <extra_id_0>.,<extra_id_0> Stevenage F.C. <extra_id_1>
482,2011,Caitlin Rivers attended <extra_id_0>.,<extra_id_0> Virginia Tech <extra_id_1>
483,2011,Jiankui He attended <extra_id_0>.,<extra_id_0> Stanford University <extra_id_1>
484,2011,Keiko Torii works for <extra_id_0>.,<extra_id_0> University of Washington <extra_id_1>
485,2011,Rivaldo plays for <extra_id_0>.,<extra_id_0> Mogi Mirim Esporte Clube <extra_id_1>
486,2011,Ken Murphy works for <extra_id_0>.,<extra_id_0> Boots <extra_id_1>
487,2011,<extra_id_0> is the chair of Christian Democratic Union.,<extra_id_0> Angela Merkel <extra_id_1>
488,2011,<extra_id_0> is the head coach of Delfino Pescara 1936.,<extra_id_0> Zdeněk Zeman <extra_id_1>
489,2011,Brittney Griner plays for <extra_id_0>.,<extra_id_0> Baylor Lady Bears basketball <extra_id_1>
490,2011,Michael Woodley works for <extra_id_0>.,<extra_id_0> Universidad Ross <extra_id_1>
491,2011,Lynika Strozier works for <extra_id_0>.,<extra_id_0> Field Museum of Natural History <extra_id_1>
492,2011,Phillip Hughes plays for <extra_id_0>.,<extra_id_0> Australia national cricket team <extra_id_1>
493,2011,Tom Kennedy plays for <extra_id_0>.,<extra_id_0> Rochdale A.F.C. <extra_id_1>
494,2011,Frances Fitzgerald holds the position of <extra_id_0>.,<extra_id_0> Teachta Dála <extra_id_1>
495,2011,Wayne Swan holds the position of <extra_id_0>.,<extra_id_0> Treasurer of Australia <extra_id_1>
496,2011,Jiří Pospíšil is a member of the <extra_id_0>.,<extra_id_0> Civic Democratic Party <extra_id_1>
497,2011,Eni Faleomavaega holds the position of <extra_id_0>.,<extra_id_0> United States representative <extra_id_1>
498,2011,Farida Kabir attended <extra_id_0>.,<extra_id_0> Ahmadu Bello University <extra_id_1>
499,2011,Nedum Onuoha plays for <extra_id_0>.,<extra_id_0> Sunderland A.F.C. <extra_id_1>
500,2011,Kalidou Koulibaly plays for <extra_id_0>.,<extra_id_0> FC Metz <extra_id_1>
501,2011,WKVB is owned by <extra_id_0>.,<extra_id_0> Entercom <extra_id_1>
502,2011,<extra_id_0> is the head of the government of Jewish Autonomous Oblast.,<extra_id_0> Alexander Vinnikov <extra_id_1>
503,2011,<extra_id_0> is the chair of Massachusetts Institute of Technology.,<extra_id_0> Susan Hockfield <extra_id_1>
504,2011,Piyush Goyal holds the position of <extra_id_0>.,<extra_id_0> Member of Rajya Sabha <extra_id_1>
505,2011,Joy Koesten is a member of the <extra_id_0>.,<extra_id_0> Republican Party <extra_id_1>
506,2011,Dimitar Berbatov plays for <extra_id_0>.,<extra_id_0> Manchester United F.C. <extra_id_1>
507,2011,<extra_id_0> is the head coach of F.K. Željezničar Sarajevo.,<extra_id_0> Amar Osim <extra_id_1>
508,2011,<extra_id_0> is the head of the government of Baltimore.,<extra_id_0> Stephanie Rawlings-Blake <extra_id_1>
509,2011,Matthew Trundle works for <extra_id_0>.,<extra_id_0> Victoria University of Wellington <extra_id_1>
510,2011,Mark Hurd works for <extra_id_0>.,<extra_id_0> Oracle Corporation <extra_id_1>
511,2011,<extra_id_0> is the chair of European Border and Coast Guard Agency.,<extra_id_0> Ilkka Laitinen <extra_id_1>
512,2011,N'Golo Kanté plays for <extra_id_0>.,<extra_id_0> US Boulogne <extra_id_1>
513,2011,<extra_id_0> is the chair of French Football Federation.,<extra_id_0> Noël Le Graët <extra_id_1>
514,2011,Ruairi Quinn holds the position of <extra_id_0>.,<extra_id_0> Teachta Dála <extra_id_1>
515,2011,Greg Woolf works for <extra_id_0>.,<extra_id_0> University of St Andrews <extra_id_1>
516,2011,Jérôme Boateng plays for <extra_id_0>.,<extra_id_0> Manchester City F.C. <extra_id_1>
517,2011,Craig Reid plays for <extra_id_0>.,<extra_id_0> Stevenage F.C. <extra_id_1>
518,2011,John Hayes holds the position of <extra_id_0>.,"<extra_id_0> Department for Business, Innovation and Skills <extra_id_1>"
519,2011,USNS Arrowhead is owned by <extra_id_0>.,<extra_id_0> Hornbeck Offshore Services <extra_id_1>
520,2011,Lappeenranta Airport is owned by <extra_id_0>.,<extra_id_0> Finavia <extra_id_1>
521,2011,Justin Amash is a member of the <extra_id_0>.,<extra_id_0> Republican Party <extra_id_1>
522,2011,<extra_id_0> is the head of the government of Guangdong.,<extra_id_0> Zhu Xiaodan <extra_id_1>
523,2011,Branislav Ivanović plays for <extra_id_0>.,<extra_id_0> Serbia national football team <extra_id_1>
524,2011,Marcela Aguiñaga is a member of the <extra_id_0>.,<extra_id_0> PAIS Alliance <extra_id_1>
525,2011,Sölvi Ottesen plays for <extra_id_0>.,<extra_id_0> F.C. Copenhagen <extra_id_1>
526,2011,Galit Shmueli works for <extra_id_0>.,<extra_id_0> University of Maryland <extra_id_1>
527,2011,Adam Lallana plays for <extra_id_0>.,<extra_id_0> Southampton F.C. <extra_id_1>
528,2011,Vincent Kompany plays for <extra_id_0>.,<extra_id_0> Belgium national football team <extra_id_1>
529,2011,<extra_id_0> is the head of the government of Saint Petersburg.,<extra_id_0> Georgy Poltavchenko <extra_id_1>
530,2011,Ulrike Lunacek holds the position of <extra_id_0>.,<extra_id_0> member of the European Parliament <extra_id_1>
531,2011,Chris Dercon works for <extra_id_0>.,<extra_id_0> Tate Modern <extra_id_1>
532,2011,Darius Bogdan Vâlcov is a member of the <extra_id_0>.,<extra_id_0> Democratic Liberal Party <extra_id_1>
533,2011,<extra_id_0> is the head coach of Palermo FC.,<extra_id_0> Stefano Pioli <extra_id_1>
534,2011,Vidya Arankalle works for <extra_id_0>.,<extra_id_0> National Institute of Virology <extra_id_1>
535,2011,<extra_id_0> is the head of the government of Chaco Province.,<extra_id_0> Jorge Capitanich <extra_id_1>
536,2011,<extra_id_0> is the head coach of FC Neman Grodno.,<extra_id_0> Sergey Solodovnikov <extra_id_1>
537,2011,<extra_id_0> is the head of the government of People's Republic of China.,<extra_id_0> Wen Jiabao <extra_id_1>
538,2011,<extra_id_0> is the chair of Jamiat Ahle Hadith.,<extra_id_0> Ehsan Elahi Zaheer <extra_id_1>
539,2011,Luol Deng plays for <extra_id_0>.,<extra_id_0> Chicago Bulls <extra_id_1>
540,2011,Salvador Sánchez Cerén holds the position of <extra_id_0>.,<extra_id_0> Vice President of El Salvador <extra_id_1>
541,2011,Franziska Brantner holds the position of <extra_id_0>.,<extra_id_0> member of the European Parliament <extra_id_1>
542,2011,Eamon Ryan holds the position of <extra_id_0>.,<extra_id_0> Teachta Dála <extra_id_1>
543,2011,Matteo Renzi is a member of the <extra_id_0>.,<extra_id_0> Democratic Party <extra_id_1>
544,2011,<extra_id_0> is the head of the government of Burkina Faso.,<extra_id_0> Luc-Adolphe Tiao <extra_id_1>
545,2011,Manu Sareen is a member of the <extra_id_0>.,<extra_id_0> Radical Left <extra_id_1>
546,2011,<extra_id_0> is the head of the government of Perm Krai.,<extra_id_0> Oleg Chirkunov <extra_id_1>
547,2011,Heiko Maas holds the position of <extra_id_0>.,<extra_id_0> parliamentary group leader <extra_id_1>
548,2011,<extra_id_0> is the chair of Norwegian Parliamentary Intelligence Oversight Committee.,<extra_id_0> Eldbjørg Løwer <extra_id_1>
549,2011,Michael Bach works for <extra_id_0>.,<extra_id_0> University of Freiburg <extra_id_1>
550,2011,Steven Gerrard plays for <extra_id_0>.,<extra_id_0> England national association football team <extra_id_1>
551,2011,Eskil Brøndbo is a member of the <extra_id_0>.,<extra_id_0> Conservative Party of Norway <extra_id_1>
552,2011,Safeco Plaza is owned by <extra_id_0>.,<extra_id_0> Hines Interests Limited Partnership <extra_id_1>
553,2011,Abdrabbuh Mansour Hadi holds the position of <extra_id_0>.,<extra_id_0> Vice President of Yemen <extra_id_1>
554,2011,Roger Holeindre is a member of the <extra_id_0>.,<extra_id_0> National Rally <extra_id_1>
555,2011,Maisons du Monde is owned by <extra_id_0>.,<extra_id_0> Apax Partners <extra_id_1>
556,2011,<extra_id_0> is the chair of Volga Federal District.,<extra_id_0> Grigory Rapota <extra_id_1>
557,2011,Abba Gumel works for <extra_id_0>.,<extra_id_0> University of Manitoba <extra_id_1>
558,2011,Péter Polt works for <extra_id_0>.,<extra_id_0> Eötvös Loránd University <extra_id_1>
559,2011,Mike Pence holds the position of <extra_id_0>.,<extra_id_0> Republican Conference Chairman of the United States House of Representatives <extra_id_1>
560,2011,<extra_id_0> is the chair of Anti-Defamation League.,<extra_id_0> Abraham Foxman <extra_id_1>
561,2011,<extra_id_0> is the chair of Likud Central Committee.,<extra_id_0> Moshe Kahlon <extra_id_1>
562,2011,<extra_id_0> is the chair of Mossad.,<extra_id_0> Tamir Pardo <extra_id_1>
563,2011,Martin Schulz holds the position of <extra_id_0>.,<extra_id_0> parliamentary group leader <extra_id_1>
564,2011,<extra_id_0> is the head of the government of Toulouse.,<extra_id_0> Pierre Cohen <extra_id_1>
565,2011,Juan Orlando Hernández holds the position of <extra_id_0>.,<extra_id_0> President of the National Congress of Honduras <extra_id_1>
566,2011,<extra_id_0> is the chair of Royal Spanish Football Federation.,<extra_id_0> Ángel María Villar <extra_id_1>
567,2011,John Hoeven holds the position of <extra_id_0>.,<extra_id_0> United States senator <extra_id_1>
568,2011,Luna is owned by <extra_id_0>.,<extra_id_0> Roman Abramovich <extra_id_1>
569,2011,<extra_id_0> is the head of the government of Mainz.,<extra_id_0> Jens Beutel <extra_id_1>
570,2011,Kristin Michelsen is a member of the <extra_id_0>.,<extra_id_0> Social Democratic Party of the Faroe Islands <extra_id_1>
571,2011,Àngels Martínez Castells is a member of the <extra_id_0>.,<extra_id_0> United and Alternative Left <extra_id_1>
572,2011,Oliver Günther works for <extra_id_0>.,<extra_id_0> Humboldt University of Berlin <extra_id_1>
573,2011,Liêm Hoang-Ngoc is a member of the <extra_id_0>.,<extra_id_0> Socialist Party <extra_id_1>
574,2011,Rachel Croson works for <extra_id_0>.,<extra_id_0> National Science Foundation <extra_id_1>
575,2011,<extra_id_0> is the chair of Delta Air Lines.,<extra_id_0> Daniel Carp <extra_id_1>
576,2011,Brian Wecht works for <extra_id_0>.,<extra_id_0> Harvard University <extra_id_1>
577,2011,Ruth Simmons works for <extra_id_0>.,<extra_id_0> Brown University <extra_id_1>
578,2011,Diego Biseswar plays for <extra_id_0>.,<extra_id_0> Feyenoord <extra_id_1>
579,2011,Keith Earls plays for <extra_id_0>.,<extra_id_0> Ireland Wolfhounds <extra_id_1>
580,2011,Karin Baur works for <extra_id_0>.,<extra_id_0> ETH Zurich <extra_id_1>
581,2011,Shuli Mualem is a member of the <extra_id_0>.,<extra_id_0> The Jewish Home <extra_id_1>
582,2011,Evgeny Konnov attended <extra_id_0>.,<extra_id_0> Academic Music College of the Moscow Conservatory <extra_id_1>
583,2011,Eric Pickles holds the position of <extra_id_0>.,"<extra_id_0> Secretary of State for Housing, Communities and Local Government <extra_id_1>"
584,2011,Tony McMahon plays for <extra_id_0>.,<extra_id_0> Middlesbrough F.C. <extra_id_1>
585,2011,Caroline Spelman holds the position of <extra_id_0>.,"<extra_id_0> Secretary of State for Environment, Food and Rural Affairs <extra_id_1>"
586,2011,Graeme Smith plays for <extra_id_0>.,<extra_id_0> South Africa national cricket team <extra_id_1>
587,2011,J. J. Redick plays for <extra_id_0>.,<extra_id_0> Orlando Magic <extra_id_1>
588,2011,Michael Noonan holds the position of <extra_id_0>.,<extra_id_0> Teachta Dála <extra_id_1>
589,2011,Franck Ferrand works for <extra_id_0>.,<extra_id_0> Europe 1 <extra_id_1>
590,2011,Mihalj Kertes is a member of the <extra_id_0>.,<extra_id_0> Socialist Party of Serbia <extra_id_1>
591,2011,Computer Weekly is owned by <extra_id_0>.,<extra_id_0> TechTarget <extra_id_1>
592,2011,Antony John Williams works for <extra_id_0>.,<extra_id_0> Royal Society of Chemistry <extra_id_1>
593,2011,Guy Bailey works for <extra_id_0>.,<extra_id_0> Texas Tech University <extra_id_1>
594,2011,Enrico dal Covolo holds the position of <extra_id_0>.,<extra_id_0> titular bishop <extra_id_1>
595,2011,Hsu Hsin-ying is a member of the <extra_id_0>.,<extra_id_0> Kuomintang <extra_id_1>
596,2011,Kym Anderson works for <extra_id_0>.,<extra_id_0> University of Adelaide <extra_id_1>
597,2011,Antonis Samaras holds the position of <extra_id_0>.,<extra_id_0> Leader of the Opposition <extra_id_1>
598,2011,Michael Atwood Mason works for <extra_id_0>.,<extra_id_0> National Museum of Natural History <extra_id_1>
599,2011,Linda Sánchez holds the position of <extra_id_0>.,<extra_id_0> United States representative <extra_id_1>
600,2011,Scott Andrews is a member of the <extra_id_0>.,<extra_id_0> Liberal Party of Canada <extra_id_1>
601,2011,ADV Ocean Shield is owned by <extra_id_0>.,<extra_id_0> DOF ASA <extra_id_1>
602,2011,GameRankings is owned by <extra_id_0>.,<extra_id_0> CBS Interactive <extra_id_1>
603,2011,<extra_id_0> is the chair of KDU-ČSL.,<extra_id_0> Pavel Bělobrádek <extra_id_1>
604,2011,Dacian Cioloș holds the position of <extra_id_0>.,<extra_id_0> European Commissioner for Agriculture and Rural Development <extra_id_1>
605,2011,Stewart Downing plays for <extra_id_0>.,<extra_id_0> Aston Villa F.C. <extra_id_1>
606,2011,Don Beyer holds the position of <extra_id_0>.,<extra_id_0> United States Ambassador to Switzerland and Liechtenstein <extra_id_1>
607,2011,Montserrat Tura i Camafreita is a member of the <extra_id_0>.,<extra_id_0> Socialists' Party of Catalonia <extra_id_1>
608,2011,Daniel Kráľ works for <extra_id_0>.,<extra_id_0> University of West Bohemia <extra_id_1>
609,2011,Soraya Sáenz de Santamaría holds the position of <extra_id_0>.,<extra_id_0> Deputy Prime Minister of Spain <extra_id_1>
610,2011,Sarafina Nance attended <extra_id_0>.,<extra_id_0> St. Stephen's Episcopal School <extra_id_1>
611,2011,Sophie Montel is a member of the <extra_id_0>.,<extra_id_0> National Rally <extra_id_1>
612,2011,Beauden Barrett plays for <extra_id_0>.,<extra_id_0> Hurricanes <extra_id_1>
613,2011,"<extra_id_0> is the chair of Embassy of Ukraine, Tallinn.",<extra_id_0> Viktor Kryzhanivsky <extra_id_1>
614,2011,Maumoon Abdul Gayoom is a member of the <extra_id_0>.,<extra_id_0> Dhivehi Rayyithunge Party <extra_id_1>
615,2011,Anthony Grant plays for <extra_id_0>.,<extra_id_0> Southend United F.C. <extra_id_1>
616,2011,WOSX is owned by <extra_id_0>.,<extra_id_0> Denison University <extra_id_1>
617,2011,Quade Cooper plays for <extra_id_0>.,<extra_id_0> Queensland Reds <extra_id_1>
618,2011,Áron Szilágyi attended <extra_id_0>.,<extra_id_0> Eötvös Loránd University <extra_id_1>
619,2011,Nicola Fratoianni is a member of the <extra_id_0>.,"<extra_id_0> Left, Ecology and Freedom <extra_id_1>"
620,2011,Jennifer MacLean works for <extra_id_0>.,<extra_id_0> 38 Studios <extra_id_1>
621,2011,Vouga railway line is owned by <extra_id_0>.,<extra_id_0> REFER <extra_id_1>
622,2011,Silvio Berlusconi holds the position of <extra_id_0>.,<extra_id_0> Prime Minister of Italy <extra_id_1>
623,2011,Silvio Berlusconi is a member of the <extra_id_0>.,<extra_id_0> The People of Freedom <extra_id_1>
624,2011,Justin Thomas attended <extra_id_0>.,<extra_id_0> St. Xavier High School <extra_id_1>
625,2011,Kaspars Gerhards is a member of the <extra_id_0>.,<extra_id_0> National Alliance <extra_id_1>
626,2011,Nunzio Galantino holds the position of <extra_id_0>.,<extra_id_0> diocesan bishop <extra_id_1>
627,2011,Jina Osothsilp works for <extra_id_0>.,<extra_id_0> GMM Tai Hub <extra_id_1>
628,2011,Kathleen Rice holds the position of <extra_id_0>.,<extra_id_0> district attorney <extra_id_1>
629,2011,Ko Wen-je is a member of the <extra_id_0>.,<extra_id_0> independent politician <extra_id_1>
630,2011,<extra_id_0> is the head coach of Borussia Dortmund.,<extra_id_0> Jürgen Klopp <extra_id_1>
631,2011,Ana Pombo works for <extra_id_0>.,<extra_id_0> Imperial College London <extra_id_1>
632,2011,<extra_id_0> is the head of the government of Province of Buenos Aires.,<extra_id_0> Daniel Scioli <extra_id_1>
633,2011,Dimitris Avramopoulos holds the position of <extra_id_0>.,<extra_id_0> Ministry of National Defence <extra_id_1>
634,2011,Tonny Vilhena plays for <extra_id_0>.,<extra_id_0> Netherlands national under-17 football team <extra_id_1>
635,2011,Francis Maude holds the position of <extra_id_0>.,<extra_id_0> Paymaster General <extra_id_1>
636,2011,Lieven Scheire works for <extra_id_0>.,<extra_id_0> Woestijnvis <extra_id_1>
637,2011,<extra_id_0> is the head of the government of Memphis.,<extra_id_0> A C Wharton <extra_id_1>
638,2011,Piero Aiello is a member of the <extra_id_0>.,<extra_id_0> The People of Freedom <extra_id_1>
639,2011,Massimo Zedda is a member of the <extra_id_0>.,"<extra_id_0> Left, Ecology and Freedom <extra_id_1>"
640,2011,Patricia Harris works for <extra_id_0>.,<extra_id_0> New York City <extra_id_1>
641,2011,Peter J. Wagner works for <extra_id_0>.,<extra_id_0> Field Museum of Natural History <extra_id_1>
642,2011,José Antonio Carrillo works for <extra_id_0>.,<extra_id_0> Autonomous University of Barcelona <extra_id_1>
643,2011,<extra_id_0> is the head coach of Philadelphia Eagles.,<extra_id_0> Andy Reid <extra_id_1>
644,2011,<extra_id_0> is the head of the government of Bavaria.,<extra_id_0> Horst Seehofer <extra_id_1>
645,2011,Diane Holl works for <extra_id_0>.,<extra_id_0> Michael Waltrip Racing <extra_id_1>
646,2011,<extra_id_0> is the head coach of Tampa Bay Rowdies.,<extra_id_0> Ricky Hill <extra_id_1>
647,2011,<extra_id_0> is the head of the government of New Jersey.,<extra_id_0> Chris Christie <extra_id_1>
648,2011,Carrie Lam holds the position of <extra_id_0>.,<extra_id_0> Secretary for Development <extra_id_1>
649,2011,Hamdi Salihi plays for <extra_id_0>.,<extra_id_0> SK Rapid Wien <extra_id_1>
650,2011,Raheem Sterling plays for <extra_id_0>.,<extra_id_0> England national under-17 football team <extra_id_1>
651,2011,János Volner is a member of the <extra_id_0>.,<extra_id_0> Jobbik <extra_id_1>
652,2011,<extra_id_0> is the head of the government of Sector 5.,<extra_id_0> Marian Vanghelie <extra_id_1>
653,2011,Tele2 Russia is owned by <extra_id_0>.,<extra_id_0> Tele2 <extra_id_1>
654,2011,Mark Rober works for <extra_id_0>.,<extra_id_0> Jet Propulsion Laboratory <extra_id_1>
655,2011,Giuseppe Civati is a member of the <extra_id_0>.,<extra_id_0> Democratic Party <extra_id_1>
656,2011,Kristalina Georgieva holds the position of <extra_id_0>.,"<extra_id_0> European Commissioner for International Cooperation, Humanitarian Aid and Crisis Response <extra_id_1>"
657,2011,<extra_id_0> is the head of the government of Amsterdam.,<extra_id_0> Eberhard van der Laan <extra_id_1>
658,2011,<extra_id_0> is the head of the government of Amsterdam.,<extra_id_0> Eberhard van der Laan <extra_id_1>
659,2011,Jonathan Mensah plays for <extra_id_0>.,<extra_id_0> Granada CF <extra_id_1>
660,2011,Joseph Daul holds the position of <extra_id_0>.,<extra_id_0> member of the European Parliament <extra_id_1>
661,2011,Migen Memelli plays for <extra_id_0>.,<extra_id_0> Al-Faisaly FC <extra_id_1>
662,2011,Tony Abbott holds the position of <extra_id_0>.,<extra_id_0> Leader of the Opposition of Australia <extra_id_1>
663,2011,Ulrike Guérot works for <extra_id_0>.,<extra_id_0> European Council on Foreign Relations <extra_id_1>
664,2011,<extra_id_0> is the chair of Roman Catholic Archdiocese of Kingston.,<extra_id_0> Brendan O'Brien <extra_id_1>
665,2011,Rathika Sitsabaiesan is a member of the <extra_id_0>.,<extra_id_0> New Democratic Party <extra_id_1>
666,2011,Hugo Barra works for <extra_id_0>.,<extra_id_0> Google <extra_id_1>
667,2011,<extra_id_0> is the head of the government of Austria.,<extra_id_0> Werner Faymann <extra_id_1>
668,2011,Sol Campbell plays for <extra_id_0>.,<extra_id_0> Newcastle United F.C. <extra_id_1>
669,2011,Sönke Neitzel works for <extra_id_0>.,<extra_id_0> University of Glasgow <extra_id_1>
670,2011,Yehoshua Menachem Pollack is a member of the <extra_id_0>.,<extra_id_0> Agudat Yisrael <extra_id_1>
671,2011,Giorgia Meloni is a member of the <extra_id_0>.,<extra_id_0> The People of Freedom <extra_id_1>
672,2011,Danville Register & Bee is owned by <extra_id_0>.,<extra_id_0> Berkshire Hathaway <extra_id_1>
673,2011,Virginia Barbour works for <extra_id_0>.,<extra_id_0> Public Library of Science <extra_id_1>
674,2011,<extra_id_0> is the head coach of Fremantle Football Club.,<extra_id_0> Ross Lyon <extra_id_1>
675,2011,<extra_id_0> is the head of the government of Batangas.,<extra_id_0> Vilma Santos <extra_id_1>
676,2011,Mònica Terribas works for <extra_id_0>.,<extra_id_0> Television of Catalonia <extra_id_1>
677,2011,<extra_id_0> is the head of the government of Sector 1.,<extra_id_0> Andrei Chiliman <extra_id_1>
678,2011,Anerood Jugnauth holds the position of <extra_id_0>.,<extra_id_0> President of Mauritius <extra_id_1>
679,2011,Sarah Zerbes works for <extra_id_0>.,<extra_id_0> University of Exeter <extra_id_1>
680,2011,<extra_id_0> is the head of the government of Basse-Terre.,<extra_id_0> Lucette Michaux-Chevry <extra_id_1>
681,2011,Kevin Pietersen plays for <extra_id_0>.,<extra_id_0> England and Wales cricket team <extra_id_1>
682,2011,Valpak is owned by <extra_id_0>.,<extra_id_0> Cox Enterprises <extra_id_1>
683,2011,José Ramón de la Morena works for <extra_id_0>.,<extra_id_0> Cadena SER <extra_id_1>
684,2011,Bekim Balaj plays for <extra_id_0>.,<extra_id_0> KF Tirana <extra_id_1>
685,2011,Almazbek Atambayev holds the position of <extra_id_0>.,<extra_id_0> President of Kyrgyzstan <extra_id_1>
686,2011,Carsen Stringer attended <extra_id_0>.,<extra_id_0> University of Pittsburgh <extra_id_1>
687,2011,Philippe Coutinho plays for <extra_id_0>.,<extra_id_0> Inter Milan <extra_id_1>
688,2011,Andrus Ansip holds the position of <extra_id_0>.,<extra_id_0> Prime Minister of Estonia <extra_id_1>
689,2011,Todd Young holds the position of <extra_id_0>.,<extra_id_0> United States representative <extra_id_1>
690,2011,<extra_id_0> is the head coach of Los Angeles Galaxy.,<extra_id_0> Bruce Arena <extra_id_1>
691,2011,Michael Brown plays for <extra_id_0>.,<extra_id_0> Portsmouth F.C. <extra_id_1>
692,2011,<extra_id_0> is the chair of HSBC.,<extra_id_0> Douglas Flint <extra_id_1>
693,2011,David M. Evans works for <extra_id_0>.,<extra_id_0> University of Bristol <extra_id_1>
694,2011,<extra_id_0> is the chair of Ocado.,<extra_id_0> Michael Grade <extra_id_1>
695,2011,Alan Kelly holds the position of <extra_id_0>.,<extra_id_0> Teachta Dála <extra_id_1>
696,2011,Marcus Berg plays for <extra_id_0>.,<extra_id_0> Hamburger SV <extra_id_1>
697,2011,<extra_id_0> is the head coach of FC Dnepr Mogilev.,<extra_id_0> Vyacheslav Geraschenko <extra_id_1>
698,2011,Philip Hammond holds the position of <extra_id_0>.,<extra_id_0> Secretary of State for Defence <extra_id_1>
699,2011,Flåm Line is owned by <extra_id_0>.,<extra_id_0> Norwegian National Rail Administration <extra_id_1>
700,2011,Brian O’Driscoll plays for <extra_id_0>.,<extra_id_0> Ireland national rugby union team <extra_id_1>
701,2011,Christopher Barner-Kowollik works for <extra_id_0>.,<extra_id_0> Karlsruhe Institute of Technology <extra_id_1>
702,2011,Vianney attended <extra_id_0>.,<extra_id_0> PSB Paris School of Business <extra_id_1>
703,2011,Independent Tribune is owned by <extra_id_0>.,<extra_id_0> Berkshire Hathaway <extra_id_1>
704,2011,Joan Rigol i Roig is a member of the <extra_id_0>.,<extra_id_0> Democratic Union of Catalonia <extra_id_1>
705,2011,Trey Burke plays for <extra_id_0>.,<extra_id_0> Michigan Wolverines men's basketball <extra_id_1>
706,2011,<extra_id_0> is the head coach of Gold Coast Football Club.,<extra_id_0> Guy McKenna <extra_id_1>
707,2011,Timothy Masiu is a member of the <extra_id_0>.,<extra_id_0> People's Progress Party <extra_id_1>
708,2011,Stephen Urban is a member of the <extra_id_0>.,<extra_id_0> Democratic Party <extra_id_1>
709,2011,Craig Silverstein works for <extra_id_0>.,<extra_id_0> Google <extra_id_1>
710,2011,Pavlos Polakis is a member of the <extra_id_0>.,<extra_id_0> New Left Current <extra_id_1>
711,2011,<extra_id_0> is the chair of Jammu and Kashmir People's Democratic Party.,<extra_id_0> Mufti Mohammad Sayeed <extra_id_1>
712,2011,<extra_id_0> is the head of the government of Hanover.,<extra_id_0> Stephan Weil <extra_id_1>
713,2011,Léa Salamé works for <extra_id_0>.,<extra_id_0> CNews <extra_id_1>
714,2011,Ali Fasir plays for <extra_id_0>.,<extra_id_0> Maldives national under-23 football team <extra_id_1>
715,2011,Chris Andrews is a member of the <extra_id_0>.,<extra_id_0> Fianna Fáil <extra_id_1>
716,2011,Manuel Bartlett Díaz is a member of the <extra_id_0>.,<extra_id_0> Institutional Revolutionary Party <extra_id_1>
717,2011,Melanie Keen works for <extra_id_0>.,<extra_id_0> Iniva <extra_id_1>
718,2011,Maxim Reshetnikov works for <extra_id_0>.,<extra_id_0> Government of Moscow <extra_id_1>
719,2011,Roy Blunt holds the position of <extra_id_0>.,<extra_id_0> United States senator <extra_id_1>
720,2011,Whitney Engen plays for <extra_id_0>.,<extra_id_0> Tyresö FF <extra_id_1>
721,2011,Norbert Klein is a member of the <extra_id_0>.,<extra_id_0> 50PLUS <extra_id_1>
722,2011,<extra_id_0> is the head coach of AFC Ajax.,<extra_id_0> Frank de Boer <extra_id_1>
723,2011,Craig Gordon plays for <extra_id_0>.,<extra_id_0> Sunderland A.F.C. <extra_id_1>
724,2011,Susan Rice holds the position of <extra_id_0>.,<extra_id_0> United States Ambassador to the United Nations <extra_id_1>
725,2011,John L. Hennessy holds the position of <extra_id_0>.,<extra_id_0> president <extra_id_1>
726,2011,Wolfgang Dahmen works for <extra_id_0>.,<extra_id_0> RWTH Aachen University <extra_id_1>
727,2011,Josep Ramon Bosch i Codina is a member of the <extra_id_0>.,<extra_id_0> People's Party <extra_id_1>
728,2011,<extra_id_0> is the chair of Swedish People's Party of Finland.,<extra_id_0> Stefan Wallin <extra_id_1>
729,2011,Jerome Guillen works for <extra_id_0>.,"<extra_id_0> Tesla, Inc. <extra_id_1>"
730,2011,Rafael van der Vaart plays for <extra_id_0>.,<extra_id_0> Tottenham Hotspur F.C. <extra_id_1>
731,2011,Amy Adams holds the position of <extra_id_0>.,<extra_id_0> Minister of Internal Affairs <extra_id_1>
732,2011,Carola-Bibiane Schönlieb works for <extra_id_0>.,<extra_id_0> University of Cambridge <extra_id_1>
733,2011,Cristiano Ronaldo plays for <extra_id_0>.,<extra_id_0> Real Madrid CF <extra_id_1>
734,2011,<extra_id_0> is the head of the government of Maguindanao.,<extra_id_0> Esmael Mangudadatu <extra_id_1>
735,2011,Jole Santelli is a member of the <extra_id_0>.,<extra_id_0> The People of Freedom <extra_id_1>
736,2011,Ed Balls holds the position of <extra_id_0>.,<extra_id_0> Shadow Chancellor of the Exchequer <extra_id_1>
737,2011,Ruud van Nistelrooy plays for <extra_id_0>.,<extra_id_0> Hamburger SV <extra_id_1>
738,2011,Tyson Chandler plays for <extra_id_0>.,<extra_id_0> New York Knicks <extra_id_1>
739,2011,Suzan DelBene holds the position of <extra_id_0>.,<extra_id_0> director <extra_id_1>
740,2011,Paul Golding is a member of the <extra_id_0>.,<extra_id_0> Britain First <extra_id_1>
741,2011,Paola Binetti is a member of the <extra_id_0>.,<extra_id_0> Union of the Centre <extra_id_1>
742,2011,Petr Ježek is a member of the <extra_id_0>.,<extra_id_0> ANO 2011 <extra_id_1>
743,2011,<extra_id_0> is the head of the government of Budapest District IV.,<extra_id_0> Zsolt Wintermantel <extra_id_1>
744,2011,Maikel Kieftenbeld plays for <extra_id_0>.,<extra_id_0> Netherlands national under-21 football team <extra_id_1>
745,2011,Martin Hamilton-Smith is a member of the <extra_id_0>.,<extra_id_0> Liberal Party of Australia <extra_id_1>
746,2011,Yong Hye-in is a member of the <extra_id_0>.,<extra_id_0> Labor Party <extra_id_1>
747,2011,Andy Carroll plays for <extra_id_0>.,<extra_id_0> Newcastle United F.C. <extra_id_1>
748,2011,André Schembri plays for <extra_id_0>.,<extra_id_0> Ferencvárosi TC <extra_id_1>
749,2011,Carlos Zambrano plays for <extra_id_0>.,<extra_id_0> FC St. Pauli <extra_id_1>
750,2011,<extra_id_0> is the head of the government of Vitré Communauté.,<extra_id_0> Pierre Méhaignerie <extra_id_1>
751,2011,Østfold Line is owned by <extra_id_0>.,<extra_id_0> Norwegian National Rail Administration <extra_id_1>
752,2011,Kaja Kallas works for <extra_id_0>.,<extra_id_0> Estonian Business School <extra_id_1>
753,2011,Dimitris Kremastinos is a member of the <extra_id_0>.,<extra_id_0> Panhellenic Socialist Movement <extra_id_1>
754,2011,Oliver Letwin holds the position of <extra_id_0>.,<extra_id_0> minister of state <extra_id_1>
755,2011,Li Keqiang holds the position of <extra_id_0>.,<extra_id_0> Vice Premier of the State Council of the People's Republic of China <extra_id_1>
756,2011,<extra_id_0> is the head of the government of Saguenay.,<extra_id_0> Jean Tremblay <extra_id_1>
757,2011,<extra_id_0> is the head coach of Yuzuru Hanyū.,<extra_id_0> Nanami Abe <extra_id_1>
758,2011,Călin Popescu-Tăriceanu is a member of the <extra_id_0>.,<extra_id_0> National Liberal Party <extra_id_1>
759,2011,Levi Mackin plays for <extra_id_0>.,<extra_id_0> Alfreton Town F.C. <extra_id_1>
760,2011,Tyler Dorsey attended <extra_id_0>.,<extra_id_0> St. John Bosco High School <extra_id_1>
761,2011,Fabián Caballero plays for <extra_id_0>.,<extra_id_0> C.S.D. Municipal <extra_id_1>
762,2011,<extra_id_0> is the head of the government of Saratov Oblast.,<extra_id_0> Pavel Ipatov <extra_id_1>
763,2011,Jacqui Lambie is a member of the <extra_id_0>.,<extra_id_0> Liberal Party of Australia <extra_id_1>
764,2011,Tim Walz holds the position of <extra_id_0>.,<extra_id_0> United States representative <extra_id_1>
765,2011,<extra_id_0> is the chair of Union of European Football Associations.,<extra_id_0> Michel Platini <extra_id_1>
766,2011,Shpend Ahmeti is a member of the <extra_id_0>.,<extra_id_0> Vetëvendosje! <extra_id_1>
767,2011,Chris Turney works for <extra_id_0>.,<extra_id_0> University of New South Wales <extra_id_1>
768,2011,Viviane Reding holds the position of <extra_id_0>.,"<extra_id_0> European Commissioner for Justice, Fundamental Rights and Citizenship <extra_id_1>"
769,2011,Jim Murphy holds the position of <extra_id_0>.,<extra_id_0> Shadow Secretary of State for Defence <extra_id_1>
770,2011,U. Reneé Hall works for <extra_id_0>.,<extra_id_0> Detroit Police Department <extra_id_1>
771,2011,Jim Justice is a member of the <extra_id_0>.,<extra_id_0> Republican Party <extra_id_1>
772,2011,Ari Kelman works for <extra_id_0>.,"<extra_id_0> University of California, Davis <extra_id_1>"
773,2011,Politico Europe is owned by <extra_id_0>.,<extra_id_0> Economist Group <extra_id_1>
774,2011,Sonja Kovač attended <extra_id_0>.,<extra_id_0> Faculty of Law of the University of Zagreb <extra_id_1>
775,2011,Jacques Le Nay is a member of the <extra_id_0>.,<extra_id_0> Union for a Popular Movement <extra_id_1>
776,2011,<extra_id_0> is the head of the government of Plzeň Region.,<extra_id_0> Milan Chovanec <extra_id_1>
777,2011,Adrian Peterson plays for <extra_id_0>.,<extra_id_0> Minnesota Vikings <extra_id_1>
778,2011,Naz Baloch is a member of the <extra_id_0>.,<extra_id_0> Pakistan Peoples Party <extra_id_1>
779,2011,Kylie Moore-Gilbert attended <extra_id_0>.,<extra_id_0> University of Cambridge <extra_id_1>
780,2011,<extra_id_0> is the chair of Economic Community of West African States.,<extra_id_0> Goodluck Jonathan <extra_id_1>
781,2011,Edna Molewa holds the position of <extra_id_0>.,<extra_id_0> Minister of Water and Environmental Affairs <extra_id_1>
782,2011,Adam Hammill plays for <extra_id_0>.,<extra_id_0> England national under-21 football team <extra_id_1>
783,2011,Anne-Sophie Lapix works for <extra_id_0>.,<extra_id_0> Canal+ <extra_id_1>
784,2011,Monty Panesar plays for <extra_id_0>.,<extra_id_0> Sussex County Cricket Club <extra_id_1>
785,2011,Anthony Annan plays for <extra_id_0>.,<extra_id_0> Ghana national football team <extra_id_1>
786,2011,<extra_id_0> is the head of the government of Nagykanizsa.,<extra_id_0> Péter Cseresnyés <extra_id_1>
787,2011,Sorin Cîmpeanu is a member of the <extra_id_0>.,<extra_id_0> Alliance of Liberals and Democrats Party (Romania) <extra_id_1>
788,2011,Ashlyn Harris plays for <extra_id_0>.,<extra_id_0> Western New York Flash <extra_id_1>
789,2011,Naomichi Ueda plays for <extra_id_0>.,<extra_id_0> Japan national under-17 football team <extra_id_1>
790,2011,Marios Matsakis is a member of the <extra_id_0>.,<extra_id_0> independent politician <extra_id_1>
791,2011,Ricardo Carvalho plays for <extra_id_0>.,<extra_id_0> Real Madrid CF <extra_id_1>
792,2011,Rhyne Howard attended <extra_id_0>.,<extra_id_0> Bradley Central High School <extra_id_1>
793,2011,<extra_id_0> is the head of the government of Gävleborg county.,<extra_id_0> Barbro Holmberg <extra_id_1>
794,2011,Joachim Starbatty is a member of the <extra_id_0>.,<extra_id_0> Alternative for Germany <extra_id_1>
795,2011,Toni Postius Terrado is a member of the <extra_id_0>.,<extra_id_0> Democratic Convergence of Catalonia <extra_id_1>
796,2011,Anna Theologou is a member of the <extra_id_0>.,<extra_id_0> Solidarity Movement (Cyprus) <extra_id_1>
797,2011,<extra_id_0> is the chair of Social Democratic Party of Germany.,<extra_id_0> Sigmar Gabriel <extra_id_1>
798,2011,<extra_id_0> is the chair of Asian Development Bank.,<extra_id_0> Haruhiko Kuroda <extra_id_1>
799,2011,Barbara Graziosi works for <extra_id_0>.,<extra_id_0> Durham University <extra_id_1>
800,2011,<extra_id_0> is the chair of People's Freedom Party.,<extra_id_0> Vladimir Ryzhkov <extra_id_1>
801,2011,Helen Clare Bostock works for <extra_id_0>.,<extra_id_0> National Institute of Water and Atmospheric Research <extra_id_1>
802,2011,Monica Macovei is a member of the <extra_id_0>.,<extra_id_0> Democratic Liberal Party <extra_id_1>
803,2011,Andrés Iniesta plays for <extra_id_0>.,<extra_id_0> FC Barcelona <extra_id_1>
804,2011,Noemí de Miguel works for <extra_id_0>.,<extra_id_0> Canal+ <extra_id_1>
805,2011,Cha Du-ri plays for <extra_id_0>.,<extra_id_0> South Korea national football team <extra_id_1>
806,2011,Henrietta Harrison works for <extra_id_0>.,<extra_id_0> Harvard University <extra_id_1>
807,2011,"<extra_id_0> is the chair of Embassy of Ukraine, Minsk.",<extra_id_0> Víktor Tykhonov <extra_id_1>
808,2011,Peadar Tóibín is a member of the <extra_id_0>.,<extra_id_0> Sinn Féin <extra_id_1>
809,2011,Ramires plays for <extra_id_0>.,<extra_id_0> Brazil national football team <extra_id_1>
810,2011,Vassilis Spanoulis plays for <extra_id_0>.,<extra_id_0> Olympiacos B.C. <extra_id_1>
811,2011,Westfield Montgomery is owned by <extra_id_0>.,<extra_id_0> Westfield Group <extra_id_1>
812,2011,Kelsey Plum attended <extra_id_0>.,<extra_id_0> La Jolla Country Day School <extra_id_1>
813,2011,Wojciech Szczęsny plays for <extra_id_0>.,<extra_id_0> Arsenal F.C. <extra_id_1>
814,2011,Paavo Väyrynen holds the position of <extra_id_0>.,<extra_id_0> Minister for European Affairs and Foreign Trade <extra_id_1>
815,2011,Paavo Väyrynen is a member of the <extra_id_0>.,<extra_id_0> Centre Party <extra_id_1>
816,2011,Jack Wilshere plays for <extra_id_0>.,<extra_id_0> Arsenal F.C. <extra_id_1>
817,2011,Mahathir Mohamad is a member of the <extra_id_0>.,<extra_id_0> United Malays National Organisation <extra_id_1>
818,2011,<extra_id_0> is the head coach of France national rugby league team.,<extra_id_0> Bobbie Goulding <extra_id_1>
819,2011,Patrick Kisnorbo plays for <extra_id_0>.,<extra_id_0> Leeds United F.C. <extra_id_1>
820,2011,Mesut Özil plays for <extra_id_0>.,<extra_id_0> Real Madrid CF <extra_id_1>
821,2011,Marcelo Díaz plays for <extra_id_0>.,<extra_id_0> Club Universidad de Chile <extra_id_1>
822,2011,Marie-Christine Blandin is a member of the <extra_id_0>.,<extra_id_0> Europe Ecology – The Greens <extra_id_1>
823,2011,F. Richard Spencer holds the position of <extra_id_0>.,<extra_id_0> auxiliary bishop <extra_id_1>
824,2011,Clifford Williams works for <extra_id_0>.,<extra_id_0> Trinity International University <extra_id_1>
825,2011,Claudio Nastruzzi works for <extra_id_0>.,<extra_id_0> University of Ferrara <extra_id_1>
826,2011,Chris Porter plays for <extra_id_0>.,<extra_id_0> Derby County F.C. <extra_id_1>
827,2011,Joyce Banda holds the position of <extra_id_0>.,<extra_id_0> Vice President of Malawi <extra_id_1>
828,2011,Frank Lampard plays for <extra_id_0>.,<extra_id_0> England national association football team <extra_id_1>
829,2011,David McNarry is a member of the <extra_id_0>.,<extra_id_0> Ulster Unionist Party <extra_id_1>
830,2011,<extra_id_0> is the head of the government of Nur-Sultan.,<extra_id_0> Imangali Tasmagambetov <extra_id_1>
831,2011,Paola Pabón is a member of the <extra_id_0>.,<extra_id_0> PAIS Alliance <extra_id_1>
832,2011,<extra_id_0> is the head of the government of Guinea.,<extra_id_0> Mamady Youla <extra_id_1>
833,2011,Vera Papisova works for <extra_id_0>.,<extra_id_0> Massachusetts General Hospital <extra_id_1>
834,2011,Jonah Berger works for <extra_id_0>.,<extra_id_0> University of Pennsylvania <extra_id_1>
835,2011,Clarence Seedorf plays for <extra_id_0>.,<extra_id_0> Associazione Calcio Milan <extra_id_1>
836,2011,Marc Bernhard is a member of the <extra_id_0>.,<extra_id_0> Christian Democratic Union <extra_id_1>
837,2011,Jonas Gahr Støre holds the position of <extra_id_0>.,<extra_id_0> Foreign Minister of Norway <extra_id_1>
838,2011,Vyacheslav Volodin holds the position of <extra_id_0>.,<extra_id_0> Deputy Chairman of the Government of the Russian Federation <extra_id_1>
839,2011,Jan Vertonghen plays for <extra_id_0>.,<extra_id_0> AFC Ajax <extra_id_1>
840,2011,Fernando Cheung is a member of the <extra_id_0>.,<extra_id_0> Labour Party <extra_id_1>
841,2011,Virgil van Dijk plays for <extra_id_0>.,<extra_id_0> Netherlands national under-19 football team <extra_id_1>
842,2011,Indira Alfonzo works for <extra_id_0>.,<extra_id_0> Universidad Militar Bolivariana de Venezuela <extra_id_1>
843,2011,Daniel Inouye holds the position of <extra_id_0>.,<extra_id_0> United States senator <extra_id_1>
844,2011,Paolo Alli is a member of the <extra_id_0>.,<extra_id_0> The People of Freedom <extra_id_1>
845,2011,Angelino Alfano is a member of the <extra_id_0>.,<extra_id_0> The People of Freedom <extra_id_1>
846,2011,Gerardo Buganza is a member of the <extra_id_0>.,<extra_id_0> Institutional Revolutionary Party <extra_id_1>
847,2011,Renato Schifani holds the position of <extra_id_0>.,<extra_id_0> President of the Italian Senate <extra_id_1>
