0,Gianluigi Buffon plays for<extra_id_0>                                    ,Juventus FC,Inter Milan
1,Ricky Ponting plays for<extra_id_0>                                        ,Australia national cricket team,Australia national cricket team
2,Lewis Hamilton plays for<extra_id_0>                                          ,McLaren,Rangers F.C.
3,Didier Drogba plays for<extra_id_0>                                      ,Ivory Coast national football team,France national under-17 football team
4,Julius Peppers plays for<extra_id_0>                                        ,Chicago Bears,Washington Wizards
5,Stuart Broad plays for<extra_id_0>                                          ,England and Wales cricket team,England national association football team
6,MS Dhoni plays for<extra_id_0>                                       ,India national cricket team,Dolphins cricket team
7,Mario Balotelli plays for<extra_id_0>                                        ,Inter Milan,Tottenham Hotspur F.C.
8,James Harden plays for<extra_id_0>                                         ,Oklahoma City Thunder,Boston Celtics
9,Mohamed Salah plays for<extra_id_0>                                         ,Al Mokawloon Al Arab SC,Tottenham Hotspur F.C.
10,Becky Sauerbrunn plays for<extra_id_0>                                     ,Washington Freedom,Germany national association football team
11,Rob Gronkowski plays for<extra_id_0>                                        ,New England Patriots,New England national association football team
12,Patrice Evra plays for<extra_id_0>                                        ,France national association football team,France national under-17 football team
13,Megan Rapinoe plays for<extra_id_0>                                      ,Chicago Red Stars,Washington Freedom
14,Robert Lewandowski plays for<extra_id_0>                                       ,Borussia Dortmund,Tottenham Hotspur F.C.
15,Clint Dempsey plays for<extra_id_0>                                     ,Fulham F.C.,Washington Wizards
16,Urby Emanuelson plays for<extra_id_0>                                     ,AFC Ajax,Milton Keynes Dons F.C.
17,V V S Laxman plays for<extra_id_0>                                   ,India national cricket team,Wayamba cricket team
18,DeMarco Murray plays for<extra_id_0>                                        ,Oklahoma Sooners football,Washington Wizards
19,Joe Hart plays for<extra_id_0>                                          ,Manchester City F.C.,Hull City A.F.C.
20,Gonzalo Higua<unk> n plays for<extra_id_0>                                    ,Real Madrid CF,Atlético Nacional
21,Nicklas Bendtner plays for<extra_id_0>                                      ,Arsenal F.C.,VfL Bochum
22,Jean Makoun plays for<extra_id_0>                                        ,Olympique Lyonnais,Arsenal F.C.
23,Jozy Altidore plays for<extra_id_0>                                     ,Hull City A.F.C.,Hull City A.F.C.
24,Gary Hooper plays for<extra_id_0>                                        ,Scunthorpe United F.C.,Hull City A.F.C.
25,Elena Delle Donne plays for<extra_id_0>                                       ,Delaware Fightin' Blue Hens women's basketball,Arsenal W.F.C.
26,Nicolas Anelka plays for<extra_id_0>                                       ,France national association football team,France national association football team
27,Michael Ballack plays for<extra_id_0>                                         ,Germany national association football team,Crewe Alexandra F.C.
28,Sanath Jayasuriya plays for<extra_id_0>                                   ,Mumbai Indians,Mumbai Indians
29,Jimmer Fredette plays for<extra_id_0>                                        ,BYU Cougars men's basketball,Washington Wizards
30,Son Heung-min plays for<extra_id_0>                                       ,Hamburger SV,South Korea national under-23 football team
31,Dimitar Berbatov plays for<extra_id_0>                                     ,Manchester United F.C.,SK Rapid Wien
32,Henrikh Mkhitaryan plays for<extra_id_0>                                   ,Armenia national under-21 football team,Armenia national association football team
33,Michael Beasley plays for<extra_id_0>                                        ,Miami Heat,Hull City A.F.C.
34,Chris Hackett plays for<extra_id_0>                                       ,Millwall F.C.,Hull City A.F.C.
35,Younus Khan plays for<extra_id_0>                                        ,Surrey County Cricket Club,Hull City A.F.C.
36,Yaya Touré plays for<extra_id_0>                                       ,FC Barcelona,Arsenal F.C.
37,Mostapha El Kabir plays for<extra_id_0>                                      ,N.E.C.,Hull City A.F.C.
38,Davide Astori plays for<extra_id_0>                                        ,Cagliari Calcio,Tottenham Hotspur F.C.
39,Mohammad Amir plays for<extra_id_0>                                       ,National Bank of Pakistan cricket team,Hull City A.F.C.
40,Jimmy Butler plays for<extra_id_0>                                          ,Marquette Golden Eagles men's basketball,Hull City A.F.C.
41,Luke Moore plays for<extra_id_0>                                          ,Derby County F.C.,England national association football team
42,Milan Baro<unk> plays for<extra_id_0>                                        ,Czech Republic national association football team,Tottenham Hotspur F.C.
43,Ben May plays for<extra_id_0>                                          ,Stevenage F.C.,Hull City A.F.C.
44,Daniel McBreen plays for<extra_id_0>                                       ,Perth Glory FC,Stevenage F.C.
45,Marvin Emnes plays for<extra_id_0>                                        ,Middlesbrough F.C.,Washington Wizards
46,Tyson Chandler plays for<extra_id_0>                                         ,Dallas Mavericks,Phoenix Suns
47,Kris Commons plays for<extra_id_0>                                         ,Derby County F.C.,Washington Wizards
48,Andrei Arshavin plays for<extra_id_0>                                       ,Arsenal F.C.,Olympique Lyonnais
49,Lorik Cana plays for<extra_id_0>                                        ,Galatasaray S.K.,Hull City A.F.C.
50,Christian Kabasele plays for<extra_id_0>                                       ,K.A.S. Eupen,Milton Keynes Dons F.C.
51,Alexander Ka<unk> anikli<unk> plays for<extra_id_0>                                      ,Fulham F.C.,Tottenham Hotspur F.C.
52,Moses Ashikodi plays for<extra_id_0>                                       ,Kettering Town F.C.,Milton Keynes Dons F.C.
53,Marcus Camby plays for<extra_id_0>                                         ,Los Angeles Clippers,Leicestershire County Cricket Club
54,Luke Foster plays for<extra_id_0>                                          ,Oxford United F.C.,England national association football team
55,El Hadji Diouf plays for<extra_id_0>                                     ,Blackburn Rovers F.C.,France national under-21 football team
56,Martyn Lancaster plays for<extra_id_0>                                        ,Fort Lauderdale Strikers,Hull City A.F.C.
57,Eniola Aluko plays for<extra_id_0>                                       ,Saint Louis Athletica,Milton Keynes Dons F.C.
58,Gjergji Muzaka plays for<extra_id_0>                                    ,Albania national association football team,Albania national association football team
59,André Schembri plays for<extra_id_0>                                        ,Ferencvárosi TC,Olympique de Marseille
60,Eduardo da Silva plays for<extra_id_0>                                        ,Croatia national association football team,Brazil national football team
61,Steven Caulker plays for<extra_id_0>                                        ,Bristol City F.C.,Blackpool F.C.
62,Michael Bostwick plays for<extra_id_0>                                       ,Stevenage F.C.,Stevenage F.C.
63,Gustavo Bou plays for<extra_id_0>                                         ,Club Atlético River Plate,Arsenal F.C.
64,Alan Kirby plays for<extra_id_0>                                         ,Sporting Fingal F.C.,Hull City A.F.C.
65,James Forrest plays for<extra_id_0>                                         ,Scotland national under-19 football team,Burnley F.C.
66,Greg Tansey plays for<extra_id_0>                                       ,Stockport County F.C.,Hull City A.F.C.
67,Ross McCormack plays for<extra_id_0>                                        ,Leeds United F.C.,Blackpool F.C.
68,Rohit Sharma plays for<extra_id_0>                                         ,Deccan Chargers,India national cricket team
69,Neven Suboti<unk> plays for<extra_id_0>                                      ,Serbia national football team,Tottenham Hotspur F.C.
70,Leigh Griffiths plays for<extra_id_0>                                        ,Scotland national under-21 football team,Manchester City F.C.
71,<unk> lvaro Morata plays for<extra_id_0>                                     ,Real Madrid Castilla,Atlético Nacional
72,Shane Long plays for<extra_id_0>                                         ,Reading F.C.,England national association football team
73,Migen Memelli plays for<extra_id_0>                                       ,Flamurtari Vlorë,Milton Keynes Dons F.C.
74,Jack Butland plays for<extra_id_0>                                        ,England national under-17 football team,Blackpool F.C.
75,Roda Antar plays for<extra_id_0>                                        ,Lebanon national football team,Hull City A.F.C.
76,Hameed Hassan plays for<extra_id_0>                                       ,Pakistan Customs cricket team,Hull City F.C.
77,Shaun Tait plays for<extra_id_0>                                        ,Rajasthan Royals,Hull City A.F.C.
78,Craig Reid plays for<extra_id_0>                                          ,Newport County A.F.C.,Blackpool F.C.
79,Dries Mertens plays for<extra_id_0>                                       ,FC Utrecht,AFC Ajax
80,Ajla Tomljanovi<unk> plays for<extra_id_0>                                    ,Croatia Fed Cup team,Hull City A.F.C.
81,DJ Campbell plays for<extra_id_0>                                          ,Blackpool F.C.,Blackpool F.C.
82,Dinesh Chandimal plays for<extra_id_0>                                    ,Ruhuna Royals,Wayamba cricket team
83,Freddy Adu plays for<extra_id_0>                                        ,United States men's national soccer team,Milton Keynes Dons F.C.
84,Yacine Brahimi plays for<extra_id_0>                                       ,Clermont Foot,Arsenal F.C.
85,Vernon Davis plays for<extra_id_0>                                          ,San Francisco 49ers,Washington Wizards
86,Adel Taarabt plays for<extra_id_0>                                       ,Queens Park Rangers F.C.,Hull City A.F.C.
87,Jimmy Smith plays for<extra_id_0>                                          ,Leyton Orient F.C.,Hull City A.F.C.
88,Michael Bradley plays for<extra_id_0>                                          ,Borussia Mönchengladbach,Hull City A.F.C.
89,Kris Boyd plays for<extra_id_0>                                         ,Middlesbrough F.C.,Burnley F.C.
90,Douglas Franco Teixeira plays for<extra_id_0>                                       ,FC Twente,Burnley F.C.
91,Jonathan Walters plays for<extra_id_0>                                         ,Stoke City F.C.,Hull City A.F.C.
92,David Cameron holds the position of<extra_id_0>                                        ,Minister for the Civil Service,Cabinet Secretary for Health and Wellbeing
93,Francis holds the position of<extra_id_0>                                         ,cardinal,Parliamentary Private Secretary to the Prime Minister
94,Julia Gillard holds the position of<extra_id_0>                                       ,Minister for Social Inclusion (Australia),Cabinet Secretary for Health and Wellbeing
95,Jason Kenney holds the position of<extra_id_0>                                       ,"Minister of Immigration, Refugees and Citizenship",United States representative
96,Gordon Brown holds the position of<extra_id_0>                                        ,Leader of the Labour Party,Cabinet Secretary for Health and Wellbeing
97,Andrew Cuomo holds the position of<extra_id_0>                                     ,Attorney General of New York,United States representative
98,Alan Shatter holds the position of<extra_id_0>                                       ,Teachta Dála,Parliamentary Private Secretary to the Prime Minister
99,Chris Grayling holds the position of<extra_id_0>                                       ,Shadow Home Secretary,Parliamentary Private Secretary to the Prime Minister
100,Jens Stoltenberg holds the position of<extra_id_0>                                    ,party leader,"Cabinet Secretary for Justice, Fundamental Rights and Citizenship"
101,Timothy M Dolan holds the position of<extra_id_0>                                     ,president,United States representative
102,Chris Murphy holds the position of<extra_id_0>                                        ,United States representative,United States representative
103,Sebastian Coe holds the position of<extra_id_0>                                       ,London Organising Committee of the Olympic and Paralympic Games,Parliamentary Private Secretary to the Prime Minister
104,Kirill I of Moscow holds the position of<extra_id_0>                                     ,metropolitan bishop,People's Deputy of Russia
105,John Ratcliffe holds the position of<extra_id_0>                                      ,mayor,Parliamentary Private Secretary to the Prime Minister
106,Tony Clement holds the position of<extra_id_0>                                       ,Minister responsible for the Federal Economic Development Initiative for Northern Ontario,Parliamentary Private Secretary to the Prime Minister
107,Alexander Stubb holds the position of<extra_id_0>                                       ,Minister for Foreign Affairs of Finland,Parliamentary Private Secretary to the Prime Minister
108,Micheál Martin holds the position of<extra_id_0>                                     ,Teachta Dála,Teachta Dála
109,Jerry Moran holds the position of<extra_id_0>                                       ,United States representative,United States representative
110,George Brandis holds the position of<extra_id_0>                                       ,Member of the Australian Senate,United States representative
111,Anba Epiphanius holds the position of<extra_id_0>                                    ,pastor,diocesan bishop
112,Bill Keating holds the position of<extra_id_0>                                       ,district attorney,Teachta Dála
113,Michael Noonan holds the position of<extra_id_0>                                      ,Teachta Dála,Teachta Dála
114,David Laws holds the position of<extra_id_0>                                       ,Chief Secretary to the Treasury,Minister of State for Immigration
115,James F Amos holds the position of<extra_id_0>                                     ,Commandant of the Marine Corps,United States representative
116,Sauli Niinistö holds the position of<extra_id_0>                                   ,Speaker of the Parliament of Finland,party leader
117,Len<unk> n Moreno holds the position of<extra_id_0>                                   ,Vice President of Ecuador,Prime Minister of Cuba
118,Caroline Flint holds the position of<extra_id_0>                                        ,"Secretary of State for Housing, Communities and Local Government",Parliamentary Private Secretary to the Prime Minister
119,Scott Peters holds the position of<extra_id_0>                                       ,commissioner,United States representative
120,Brendan Howlin holds the position of<extra_id_0>                                     ,Teachta Dála,Teachta Dála
121,Simon Crean holds the position of<extra_id_0>                                       ,Minister for Trade,Teachta Dála
122,Mary Hanafin holds the position of<extra_id_0>                                     ,Teachta Dála,United States representative
123,Kathleen Rice holds the position of<extra_id_0>                                        ,district attorney,United States representative
124,Katy Gallagher holds the position of<extra_id_0>                                     ,member of the Australian Capital Territory Legislative Assembly,Teachta Dála
125,Heather Bresch holds the position of<extra_id_0>                                       ,president,United States representative
126,Ahmad Zahid Hamidi holds the position of<extra_id_0>                                     ,Minister of Defence,Chief Minister of Sarawak
127,Jean-Louis Tauran holds the position of<extra_id_0>                                     ,cardinal,director
128,Jyrki Katainen holds the position of<extra_id_0>                                   ,Deputy Prime Minister of Finland,chairperson
129,Seiji Maehara holds the position of<extra_id_0>                                     ,Minister for Foreign Affairs,Vice Premier of the Republic of China
130,Éamon <unk> Cu<unk> v holds the position of<extra_id_0>                                  ,Teachta Dála,Teachta Dála
131,John Healey holds the position of<extra_id_0>                                      ,Minister of State for Communities and Local Government,Parliamentary Private Secretary to the Prime Minister
132,Willie ODea holds the position of<extra_id_0>                                   ,Teachta Dála,Teachta Dála
133,Jaak Aaviksoo holds the position of<extra_id_0>                                  ,Minister of Defence,chairperson
134,Jimmy Deenihan holds the position of<extra_id_0>                                     ,Teachta Dála,Teachta Dála
135,David Lidington holds the position of<extra_id_0>                                      ,Minister of State for Europe,Parliamentary Private Secretary to the Prime Minister
136,<unk> igo Méndez de Vigo holds the position of<extra_id_0>                                ,member of the European Parliament,"European Commissioner for Justice, Fundamental Rights and Citizenship"
137,David Wootton holds the position of<extra_id_0>                                    ,Sheriff of the City of London,Parliamentary Private Secretary to the Prime Minister
138,Ueli Maurer holds the position of<extra_id_0>                                   ,"Federal Department of Defence, Civil Protection and Sports",Foreign Minister of Austria
139,Batt OKeeffe holds the position of<extra_id_0>                                  ,Teachta Dála,Teachta Dála
140,Joe McHugh holds the position of<extra_id_0>                                      ,Teachta Dála,United States representative
141,Muppavarapu Venkaiah Naidu holds the position of<extra_id_0>                             ,Member of Rajya Sabha,Minister of Finance
142,Chuck Blazer holds the position of<extra_id_0>                                       ,general secretary,United States representative
143,Michel Barnier holds the position of<extra_id_0>                                       ,European Commissioner for Internal Market and Services,"European Commissioner for Justice, Fundamental Rights and Citizenship"
144,Salvador Sánchez Cerén holds the position of<extra_id_0>                                   ,Vice President of El Salvador,Prime Minister of Cuba
145,Mary Barra holds the position of<extra_id_0>                                       ,vice president,Teachta Dála
146,Rich Nugent holds the position of<extra_id_0>                                       ,sheriff,United States representative
147,Barham Salih holds the position of<extra_id_0>                                     ,Prime Minister of Iraqi Kurdistan,Minister of Science and Technology
148,David Sassoli holds the position of<extra_id_0>                                     ,member of the European Parliament,United States representative
149,James Jones holds the position of<extra_id_0>                                        ,Spokesperson bishops in the Church of England,Parliamentary Private Secretary to the Prime Minister
150,Dan Eliasson holds the position of<extra_id_0>                                     ,director general,chairperson
151,Muhammad Rizieq Shihab attended<extra_id_0>                                       ,University of Malaya,University of Groningen
152,Mone Davis attended<extra_id_0>                                        ,Springside Chestnut Hill Academy,Proviso East High School
153,Caitlin Rivers attended<extra_id_0>                                       ,Virginia Tech,Oaks Christian School
154,Shawné Michaelain Holloway attended<extra_id_0>                                    ,Shimer College,INSEP
155,AnnaSophia Robb attended<extra_id_0>                                       ,Arapahoe High School,Oaks Christian School
156,Bronny James attended<extra_id_0>                                          ,Old Trail School,University of Pennsylvania
157,Ewandro Stenzowski attended<extra_id_0>                                     ,Federal University of Rio de Janeiro,ETH Zurich
158,Luke Hancock attended<extra_id_0>                                          ,George Mason University,Oaks Christian School
159,Katherine Boyer attended<extra_id_0>                                          ,University of Manitoba,Cours Florent
160,Jock Landale attended<extra_id_0>                                        ,Geelong Grammar School,Oaks Christian School
161,Elisa Granato attended<extra_id_0>                                       ,Ludwig Maximilian University of Munich,École polytechnique fédérale de Lausanne
162,Alyona Arshinova attended<extra_id_0>                                      ,Diplomatic Academy of the Ministry of Foreign Affairs of the Russian Federation,Gazprom Neft
163,Abdullah bin Khalid bin Sultan Al Saud attended<extra_id_0>                                  ,Columbia University,University of Groningen
164,Katja Kassin attended<extra_id_0>                                        ,Los Angeles Pierce College,Eötvös Loránd University
165,Aliyah Boston attended<extra_id_0>                                          ,Worcester Academy,PSB Paris School of Business
166,Daniel Swain attended<extra_id_0>                                          ,Stanford University,Oaks Christian School
167,<extra_id_0> is the chair of Lega Nord                                        ,Umberto Bossi,Roberto Cota
168,<extra_id_0> is the chair of University of North Carolina at Chapel Hill                                    ,Holden Thorp,Carl-Henric Svanberg
169,<extra_id_0> is the chair of Republican Peoples Party                                      ,Deniz Baykal,Gheorghe Hagi
170,<extra_id_0> is the chair of United States Department of State                                      ,Hillary Clinton,Rex Tillerson
171,<extra_id_0> is the chair of European Court of Human Rights                                      ,Jean-Paul Costa,Annemie Neyts-Uyttebroeck
172,<extra_id_0> is the chair of Associazione Calcio Milan                                  ,Silvio Berlusconi,Stefano Pioli
173,<extra_id_0> is the chair of Humanists UK                                       ,Polly Toynbee,Charles Sinclair
174,<extra_id_0> is the chair of Democratic Action Party                                        ,Karpal Singh,Rosy Bindi
175,<extra_id_0> is the chair of Social Democrats                                         ,Helle Thorning-Schmidt,Michel Wolter
176,<extra_id_0> is the chair of CRH                                        ,Nicky Hartery,David H. Murdock
177,<extra_id_0> is the chair of Max Planck Society                                       ,Peter Gruss,Wolfgang Schuster
178,<extra_id_0> is the chair of Socialist Peoples Party                                     ,Annette Vilhelmsen,Michel Wolter
179,<extra_id_0> is the chair of ACT New Zealand                                       ,Rodney Hide,Tariana Turia
180,<extra_id_0> is the chair of International Mathematical Union                                     ,László Lovász,Wendy Hall
181,<extra_id_0> is the chair of Norwegian Association for Womens Rights                                    ,Torild Skard,Thor Pedersen
182,<extra_id_0> is the chair of Ruter                                         ,Ragnar Søegaard,Michael Jordan
183,<extra_id_0> is the chair of Radical Party of the Left                                     ,Jean-Michel Baylet,Mauricio Pochettino
184,<extra_id_0> is the chair of Parliamentary Assembly of the Organization for Security and Co-operation in Europe                             ,Petros Efthymiou,Annemie Neyts-Uyttebroeck
185,<extra_id_0> is the chair of National Security and Defense Council of Ukraine                                    ,Raisa Bogatyrova,Ihor Ostash
186,<extra_id_0> is the chair of Royal Spanish Football Federation                                       ,Ángel María Villar,Mauricio Pochettino
187,<extra_id_0> is the chair of German Council of Economic Experts                                     ,Wolfgang Franz,Barbara Stamm
188,<extra_id_0> is the chair of Verein für Socialpolitik                                       ,Lars-Hendrik Röller,Barbara Stamm
189,<extra_id_0> is the chair of Economic and Financial Committee                                       ,Thomas Wieser,Yoon Jeung-hyun
190,<extra_id_0> is the chair of Financial Information Authority                                        ,Attilio Nicora,Ajit Singh
191,<extra_id_0> is the chair of Football Association of Thailand                                       ,Worawi Makudi,Patrice Brun
192,<extra_id_0> is the chair of Liberal Movement                                         ,Eligijus Masiulis,Stefanos Manos
193,<extra_id_0> is the chair of Federal Department of Justice and Police                                     ,Simonetta Sommaruga,Igor Kovalevich
194,<extra_id_0> is the chair of Embassy of Ukraine Minsk                                    ,Roman Bezsmertnyi,Ihor Ostash
195,<extra_id_0> is the chair of The Greens–European Free Alliance                                   ,Daniel Cohn-Bendit,Maria Wetterstrand
196,Ricardo Pati<unk> o is a member of the<extra_id_0>                                 ,PAIS Alliance,Institutional Republican Party
197,Roseanne Barr is a member of the<extra_id_0>                                     ,Green Party of the United States,Democratic Party
198,Jeff Van Drew is a member of the<extra_id_0>                                     ,Democratic Party,Conservative Association of Nova Scotia
199,Dean Del Mastro is a member of the<extra_id_0>                                    ,Conservative Party of Canada,Liberal Party of Australia
200,Martin Hamilton-Smith is a member of the<extra_id_0>                                    ,Liberal Party of Australia,UK Independence Party
201,Marcelo Ebrard is a member of the<extra_id_0>                                  ,Party of the Democratic Revolution,Institutional Republican Party
202,Ciro Gomes is a member of the<extra_id_0>                                    ,Brazilian Socialist Party,Socialist Party
203,Mar<unk> a Santos Gorrostieta Salazar is a member of the<extra_id_0>                         ,Institutional Revolutionary Party,Institutional Republican Party
204,Oleksandr Vilkul is a member of the<extra_id_0>                                  ,Party of Regions,"People's Freedom Party ""For Ukraine without Lawlessness and Corruption"""
205,Patrick Devedjian is a member of the<extra_id_0>                                 ,Union for a Popular Movement,Progressive Conservative Association of Nova Scotia
206,Yuriy Boyko is a member of the<extra_id_0>                                 ,Party of Regions,"People's Freedom Party ""For Russia without Lawlessness and Corruption"" ""For Russia without Lawlessness and Co"
207,Volodymyr Groysman is a member of the<extra_id_0>                                ,Conscience of Ukraine,"People's Freedom Party ""For Ukraine without Lawlessness and Corruption"" ""For Ukraine"
208,Fawad Ahmed Chaudhry is a member of the<extra_id_0>                                ,All-Pakistan Muslim League,Pakistan Muslim League (N)
209,Gérald Darmanin is a member of the<extra_id_0>                                 ,Union for a Popular Movement,Union for a Popular Movement
210,Mircea Geoană is a member of the<extra_id_0>                                     ,Social Democratic Party,Democratic Liberal Party
211,Daniel Constantin is a member of the<extra_id_0>                                      ,Conservative Party,Democratic Liberal Party
212,Simon Emil Ammitzb<unk> ll is a member of the<extra_id_0>                                ,Liberal Alliance,People's Party
213,José Antonio Kast is a member of the<extra_id_0>                                    ,Independent Democratic Union,Institutional Republican Party
214,Gustav Kasselstrand is a member of the<extra_id_0>                                    ,Sweden Democrats,People's Party
215,Charles M Huber is a member of the<extra_id_0>                                   ,Christian Social Union of Bavaria,Republican Party
216,Lucy Harris is a member of the<extra_id_0>                                      ,Brexit Party,Liberal Party of Australia
217,Hamed Karoui is a member of the<extra_id_0>                                   ,Constitutional Democratic Rally,Socialist Union of Popular Forces
218,Tom Horner is a member of the<extra_id_0>                                     ,Independence Party of Minnesota,Conservative Association of Nova Scotia
219,Shlomo Molla is a member of the<extra_id_0>                                 ,Kadima,Likud
220,Amiruddin Hamzah is a member of the<extra_id_0>                                 ,Malaysian Islamic Party,People's Party
221,Joana Ortega i Alemany is a member of the<extra_id_0>                               ,Democratic Union of Catalonia,People's Party
222,Anam Vivekananda Reddy is a member of the<extra_id_0>                               ,Indian National Congress,Indian National Congress
223,Gabriele Albertini is a member of the<extra_id_0>                                   ,The People of Freedom,The People of Freedom
224,Ivan Brajovi<unk> is a member of the<extra_id_0>                                  ,Social Democratic Party of Montenegro,Socialist People's Party of Montenegro
225,Maria Badia i Cutchet is a member of the<extra_id_0>                               ,Socialists' Party of Catalonia,People's Party
226,Le<unk> la Chaibi is a member of the<extra_id_0>                                   ,New Anticapitalist Party,Socialist Union of Popular Forces
227,Arturo Scotto is a member of the<extra_id_0>                                   ,"Left, Ecology and Freedom",Institutional Republican Party
228,Patrick Reslow is a member of the<extra_id_0>                                     ,Moderate Party,Progressive Conservative Association of Nova Scotia
229,Neus Munte Fernandez is a member of the<extra_id_0>                                  ,Democratic Convergence of Catalonia,Democratic Liberal Party
230,Verónica Zurita is a member of the<extra_id_0>                                   ,PAIS Alliance,Institutional Republican Party
231,Tunahan Kuzu is a member of the<extra_id_0>                                   ,Labour Party,Reform Party
232,Halyna Yanchenko is a member of the<extra_id_0>                                 ,Democratic Alliance,"People's Freedom Party ""For Ukraine without Lawlessness and Corruption"""
233,Fotis Kouvelis is a member of the<extra_id_0>                                 ,Synaspismós,Panhellenic Socialist Movement
234,Femke Merel van Kooten-Arissen is a member of the<extra_id_0>                          ,Party for the Animals,People's Party
235,Massimo Zedda is a member of the<extra_id_0>                                  ,"Left, Ecology and Freedom",The People of Freedom
236,Christian Hansen is a member of the<extra_id_0>                                     ,Fokus,People's Party
237,Shafiqur Rahman Barq is a member of the<extra_id_0>                               ,Bahujan Samaj Party,Bangladesh Muslim League (N)
238,Nicola Giorgino is a member of the<extra_id_0>                                 ,The People of Freedom,The People of Freedom
239,Ian Blayney is a member of the<extra_id_0>                                    ,Liberal Party of Australia (Western Australian Division),UK Independence Party
240,Zaharije Trnav<unk> evi<unk> is a member of the<extra_id_0>                               ,Democratic Party,Socialist People's Party
241,Jana <unk> it<unk> anská is a member of the<extra_id_0>                               ,Christian Democratic Movement,Civic Democratic Party
242,Niall Ferguson works for<extra_id_0>                                         ,Harvard University,id Software
243,Roger Scruton works for<extra_id_0>                                        ,University of Oxford,Royal Society of Chemistry
244,Glenn Greenwald works for<extra_id_0>                                        ,Salon,Breitbart News
245,Jürgen Klopp works for<extra_id_0>                                       ,Borussia Dortmund,VfL Bochum
246,Karl Lagerfeld works for<extra_id_0>                                         ,Fendi,Versace
247,Mindy Grossman works for<extra_id_0>                                        ,Home Shopping Network,Wesleyan University
248,Sergei Krikalev works for<extra_id_0>                                       ,Yuri Gagarin Cosmonaut Training Center,Gazprom Neft
249,David Hernández de la Fuente works for<extra_id_0>                                  ,University of Potsdam,El Mundo.
250,Deborah L Birx works for<extra_id_0>                                       ,Centers for Disease Control and Prevention,Metropolitan Police Department of the District of Columbia
251,Peter Mathieson works for<extra_id_0>                                        ,University of Bristol,Royal Society of Chemistry
252,Norman Sharpless works for<extra_id_0>                                         ,University of North Carolina at Chapel Hill,Royal Society of Chemistry
253,Simonetta Di Pippo works for<extra_id_0>                                       ,European Space Agency,ENAV
254,Joshua Greenberg works for<extra_id_0>                                         ,Alfred P. Sloan Foundation,Field Museum of Natural History
255,Rane Willerslev works for<extra_id_0>                                       ,Moesgaard Museum,NRK Sápmi
256,Matthew Pratt Guterl works for<extra_id_0>                                     ,Indiana University Bloomington,Field Museum of Natural History
257,Janet Montgomery works for<extra_id_0>                                         ,University of Bradford,Monash University
258,Carine Roitfeld works for<extra_id_0>                                       ,Vogue Paris,Chanel
259,Henriette Reker works for<extra_id_0>                                     ,Gelsenkirchen,ETH Zurich
260,James S Famiglietti works for<extra_id_0>                                     ,"University of California, Irvine",Sybase
261,<unk> scar Ram<unk> rez works for<extra_id_0>                                     ,Liga Deportiva Alajuelense,El Mundo.
262,Ricky J Sethi works for<extra_id_0>                                       ,Information Sciences Institute,AnandTech
263,Maura Hagan works for<extra_id_0>                                       ,National Center for Atmospheric Research,id Software
264,Marian Salzman works for<extra_id_0>                                         ,Havas,Tel Aviv University
265,Chris Turney works for<extra_id_0>                                         ,University of Exeter,id Software
266,Hartmut Mehdorn works for<extra_id_0>                                     ,Air Berlin,Freie Universität Berlin
267,Marian Croak works for<extra_id_0>                                         ,Bell Labs,Royal Society of Chemistry
268,Qi Lu works for<extra_id_0>                                         ,Microsoft Corporation,University College London
269,Frances Spalding works for<extra_id_0>                                      ,Newcastle University,University of Edinburgh
270,Wendy L Queen works for<extra_id_0>                                        ,National Institute of Standards and Technology,Duke University
271,Niels Provos works for<extra_id_0>                                       ,Google,Royal Concertgebouw Orchestra
272,Bernhard Schölkopf works for<extra_id_0>                                       ,Max Planck Institute for Biological Cybernetics,Freie Universität Berlin
273,Scott Manley works for<extra_id_0>                                         ,Topsy Labs,Monash University
274,Emily VanDerWerff works for<extra_id_0>                                    ,The A.V. Club,Field Museum of Natural History
275,Veronica van Heyningen works for<extra_id_0>                                     ,Medical Research Council,Utrecht University
276,Cathy Engelbert works for<extra_id_0>                                        ,Deloitte,Field Museum of Natural History
277,Léa Salamé works for<extra_id_0>                                       ,France 24,France 5
278,Indira Alfonzo works for<extra_id_0>                                     ,Universidad Militar Bolivariana de Venezuela,GMM Tai Hub
279,Ari Kelman works for<extra_id_0>                                         ,"University of California, Davis",Tel Aviv University
280,Rebecca J Lingwood works for<extra_id_0>                                       ,Queen Mary University of London,Royal Society of Chemistry
281,Giselle Zarur works for<extra_id_0>                                       ,Televisa,ETH Zurich
282,Julia Y Chan works for<extra_id_0>                                        ,Louisiana State University,Sybase
283,Stephanie Wehner works for<extra_id_0>                                        ,Centre for Quantum Technologies,Die Presse
284,Ghida Fakhry works for<extra_id_0>                                      ,Al Jazeera English,Now TV
285,Diana Coben works for<extra_id_0>                                        ,King's College London,University of Edinburgh
286,Andrew V Goldberg works for<extra_id_0>                                       ,Microsoft Research,Wesleyan University
287,Maria-Magdalena Titirici works for<extra_id_0>                                  ,Max Planck Institute for Colloids and Interfaces,ETH Zurich
288,Pier Paolo Pandolfi works for<extra_id_0>                                   ,Beth Israel Deaconess Medical Center,ENAV
289,Mathieu Gallet works for<extra_id_0>                                      ,Institut National de l'Audiovisuel,Eutelsat
290,Shari Steele works for<extra_id_0>                                        ,Electronic Frontier Foundation,id Software
291,Peggy Piesche works for<extra_id_0>                                        ,Hamilton College,Field Museum of Natural History
292,Dolly J<unk> rgensen works for<extra_id_0>                                    ,Umeå University,NRK Sápmi
293,Alojzy Nowak works for<extra_id_0>                                      ,Faculty of Management of the University of Warsaw,Gazeta Wyborcza
294,Carola-Bibiane Schönlieb works for<extra_id_0>                                   ,University of Cambridge,Freie Universität Berlin
295,Franck Ferrand works for<extra_id_0>                                        ,Europe 1,Accor
296,John A Todd works for<extra_id_0>                                        ,University of Cambridge,Sybase
297,David W Kissane works for<extra_id_0>                                      ,Memorial Sloan Kettering Cancer Center,Brigham and Women's Hospital
298,Chris Montgomery works for<extra_id_0>                                          ,Red Hat,University of Edinburgh
299,Melanie Keen works for<extra_id_0>                                         ,Iniva,Royal Society of Chemistry
300,Ginestra Bianconi works for<extra_id_0>                                     ,Northeastern University,ENAV
301,Ken Murphy works for<extra_id_0>                                          ,Boots,id Software
302,Maxim Oreshkin works for<extra_id_0>                                     ,Rosbank,Gazprom Neft
303,Vladimir Ashurkov works for<extra_id_0>                                        ,Alfa Group,Gazprom Neft
304,Robert Bingham works for<extra_id_0>                                         ,University of Aberdeen,University of Edinburgh
305,Chris Dercon works for<extra_id_0>                                         ,Haus der Kunst,Monash University
306,Josep Guerrero works for<extra_id_0>                                       ,Polytechnic University of Catalonia,Spanish National association football team
307,Vidya Arankalle works for<extra_id_0>                                      ,National Institute of Virology,AnandTech
308,Mark H Erickson works for<extra_id_0>                                      ,Wittenberg University,Field Museum of Natural History
309,Mustapha Madih works for<extra_id_0>                                      ,Al-Wakrah Sports Club,Al Jazeera
310,<extra_id_0> is the head of the government of Iran                                       ,Mahmoud Ahmadinejad,Mohammad Rezaqiati Bank
311,<extra_id_0> is the head of the government of Quebec                                       ,Jean Charest,Gérald Tremblayat
312,<extra_id_0> is the head of the government of Denmark                                       ,Lars Løkke Rasmussen,Pia Kjrsgaard
313,<extra_id_0> is the head of the government of Richmond                                       ,Dwight Clinton Jones,Francis G. Slay
314,<extra_id_0> is the head of the government of Turin                                      ,Sergio Chiamparino,Roberto Cota
315,<extra_id_0> is the head of the government of San Jose                                      ,Chuck Reed,Alfredo Lim
316,<extra_id_0> is the head of the government of Warsaw                                      ,Hanna Gronkiewicz-Waltz,Leo Kalvoda
317,<extra_id_0> is the head of the government of Faroe Islands                                    ,Kaj Leo Johannesen,Liv Kari Eskeland
318,<extra_id_0> is the head of the government of Prague                                       ,Bohuslav Svoboda,Milada Emmerová
319,<extra_id_0> is the head of the government of Auckland                                       ,Len Brown,Tariana Turia
320,<extra_id_0> is the head of the government of Tallinn                                     ,Edgar Savisaar,Edgar Savisaar
321,<extra_id_0> is the head of the government of Gibraltar                                     ,Peter Caruana,José Luis Rodrguez Zapatero
322,<extra_id_0> is the head of the government of Community of Madrid                                     ,Esperanza Aguirre,Francisco Camps
323,<extra_id_0> is the head of the government of Mainz                                      ,Jens Beutel,Charlotte Britz
324,<extra_id_0> is the head of the government of New South Wales                                     ,Barry O'Farrell,Peter Costello
325,<extra_id_0> is the head of the government of Wiesbaden                                    ,Helmut Müller,Barbara Stamm
326,<extra_id_0> is the head of the government of Lower Saxony                                    ,David McAllister,Jens Böhrnsen
327,<extra_id_0> is the head of the government of Asturias                                    ,Vicente Álvarez Areces,Miguel Sanz
328,<extra_id_0> is the head of the government of KwaZulu-Natal                                ,Zweli Mkhize,Cassel Mathale
329,<extra_id_0> is the head of the government of Jewish Autonomous Oblast                                  ,Nikolay Mikhailovich Volkov,Yuriy Lutsenko
330,<extra_id_0> is the head of the government of Oldenburg                                      ,Gerd Schwandner,Jens Böhrnsen
331,<extra_id_0> is the head of the government of Liguria                                    ,Claudio Burlando,Roberto Cota
332,<extra_id_0> is the head of the government of Kvinnherad                                   ,Synnøve Solbakken,Thor Pedersen
333,<extra_id_0> is the head of the government of Republic of Khakassia                                  ,Viktor Zimin,Sergey Sobyanin
334,<extra_id_0> is the head of the government of Södermanland County                                 ,Liselott Hagberg,Michael Borgqvist
335,<extra_id_0> is the head of the government of Gävleborg county                                  ,Barbro Holmberg,Michael Borgqvist
336,<extra_id_0> is the head coach of Olympiacos FC                                   ,Ernesto Valverde,Yuriy Krots
337,<extra_id_0> is the head coach of Green Bay Packers                                       ,Mike McCarthy,Andy Reid
338,<extra_id_0> is the head coach of Kei Nishikori                                    ,Brad Gilbert,Keiji Yamada
339,<extra_id_0> is the head coach of Richard Gasquet                                      ,Gabriel Markus,Antoine Kombouréréréréréré
340,<extra_id_0> is the head coach of Nea Salamis Famagusta FC                               ,Nir Klinger,Stelianos Manos
341,<extra_id_0> is the head coach of 1 FC Union Berlin                                      ,Uwe Neuhaus,Bernd Stange
342,<extra_id_0> is the head coach of FC Argeș                                      ,Emil Săndoi,Stelian Bordeianu
343,<extra_id_0> is the head coach of CS Gaz Metan Mediaș                                   ,Gheorghe Mulțescu,Stelian Bordeianu
344,<extra_id_0> is the head coach of CCC Team                                       ,Fabio Baldato,Yuriy Krot
345,<extra_id_0> is the head coach of SKN St Pölten                                  ,Martin Scherb,Bernd Stange
346,<extra_id_0> is the head coach of Telenet-Fidea                                    ,Danny De Bie,Stelian Bordeianu
347,<extra_id_0> is the head coach of Belarus national under-21 football team                                    ,Georgi Kondratiev,Bernd Stange
348,<extra_id_0> is the head coach of Pauwels Sauzen-Bingoal                               ,Mario De Clercq,Luc De Vriend
349,<extra_id_0> is the head coach of FC Smorgon                                      ,Aleksandr Brazevich,Bernd Stange
350,The Onion is owned by<extra_id_0>                                       ,Fusion Media Group,AOL
351,Salvator Mundi is owned by<extra_id_0>                                      ,Alexander Parish,Société Générale
352,South China Morning Post is owned by<extra_id_0>                                       ,Great Wall Pan Asia Holdings,News Corporation
353,Boston Globe is owned by<extra_id_0>                                         ,The New York Times Company,Berkshire Hathaway
354,Numedal Line is owned by<extra_id_0>                                       ,Norwegian National Rail Administration,Norwegian National Rail Administration
355,ADV Ocean Shield is owned by<extra_id_0>                                      ,DOF ASA,ADV Films
356,Eudora is owned by<extra_id_0>                                       ,Qualcomm Inc.,id Software
357,Le Rêve is owned by<extra_id_0>                                       ,Steve Wynn,IWK Health Centre
358,Toll Collect is owned by<extra_id_0>                                       ,Daimler Financial Services,SNCF
359,West Horsley Place is owned by<extra_id_0>                                       ,"Mary Innes-Ker, Duchess of Roxburghe",West Ham United F.C.
360,Expobank CZ is owned by<extra_id_0>                                       ,Landesbank Baden-Württemberg,Banca Transilvania
361,Rothschild is owned by<extra_id_0>                                        ,Alexander Ivanov,LVH
362,Kirkus Reviews is owned by<extra_id_0>                                        ,Herbert Simon,AOL
363,dblp computer science bibliography is owned by<extra_id_0>                                  ,Schloss Dagstuhl – Leibniz Center for Informatics,Springer SEEDII
364,Luna is owned by<extra_id_0>                                          ,Roman Abramovich,Silvio Santos
365,The Gainesville Sun is owned by<extra_id_0>                                      ,The New York Times Company,Berkshire Hathaway
366,Douro railway line is owned by<extra_id_0>                                      ,REFER,REFER
367,Randsfjorden Line is owned by<extra_id_0>                                     ,Norwegian National Rail Administration,Norwegian National Rail Administration
368,The Eagle is owned by<extra_id_0>                                         ,Berkshire Hathaway,Berkshire Hathaway
369,Trunk Line is owned by<extra_id_0>                                        ,Norwegian National Rail Administration,SNCF
370,Kimbrough Memorial Stadium is owned by<extra_id_0>                                      ,West Texas A&M University,Beacon Capital Partners
371,Skillsoft is owned by<extra_id_0>                                        ,Advent International,id Software
372,Bauer Swansea & South West Wales is owned by<extra_id_0>                                 ,Wireless Group,Bauer Media Group
373,Chocolat Poulain is owned by<extra_id_0>                                    ,Mondelēz International,Groupe Carrefour
374,511 Federal Building is owned by<extra_id_0>                                       ,General Services Administration,Beacon Capital Partners
375,Hokushin Line is owned by<extra_id_0>                                      ,Kobe Rapid Transit Railway,Osaka Municipal Transportation Bureau
25,0.06648936170212766
