0,Nikkita Oliver attended<extra_id_0>                                        ,University of Washington School of Law,Desert Vista High School
1,Aleqa Hammond is a member of the<extra_id_0>                                   ,Siumut,Democratic Labour Party
2,Seiji Maehara holds the position of<extra_id_0>                                     ,Minister for Foreign Affairs,Prime Minister of Japan
3,Seiji Maehara is a member of the<extra_id_0>                                   ,Democratic Party,Democratic Party of Japan
4,Yves Pons attended<extra_id_0>                                       ,INSEP,Sciences Po
5,<extra_id_0> is the head of the government of Capital Region of Denmark                                    ,Vibeke Storm Rasmussen,Lis Tribler
6,Reuven Rivlin holds the position of<extra_id_0>                                    ,Speaker of the Knesset,Minister of Diaspora Affairs
7,Jabo Ibehre plays for<extra_id_0>                                      ,Milton Keynes Dons F.C.,France national association football team
8,<extra_id_0> is the chair of Young Union                                         ,Philipp Mißfelder,Nick Griffin
9,Saul Dubow works for<extra_id_0>                                        ,University of Sussex,Microsoft Corporation
10,Rothschild is owned by<extra_id_0>                                        ,Alexander Ivanov,Rothschild & Co.
11,Marta Lewicka works for<extra_id_0>                                       ,University of Minnesota,Polish Institute of International Affairs
12,<extra_id_0> is the head of the government of Istanbul                                       ,Kadir Topbaş,Recep Tayip Erdoan
13,<extra_id_0> is the head coach of FC Slavia-Mozyr                                 ,Yuriy Maleyev,Ihor Petrov
14,<unk> lvaro Morata plays for<extra_id_0>                                     ,Real Madrid Castilla,Atlético Madrid
15,<extra_id_0> is the chair of Pirate Party Berlin                                        ,Andreas Baum,Dieter Spöri
16,Paavo Väyrynen holds the position of<extra_id_0>                                 ,Minister for European Affairs and Foreign Trade,Prime Minister of Finland
17,Paavo Väyrynen is a member of the<extra_id_0>                               ,Centre Party,Finns Party
18,László T<unk> kés holds the position of<extra_id_0>                                ,member of the European Parliament,member of the European Parliament
19,Luciana Berger is a member of the<extra_id_0>                                   ,Labour Party,Democratic People's Movement
20,Christopher Hernandez works for<extra_id_0>                                          ,Cornell University,Microsoft Corporation
21,Eurostar International Limited is owned by<extra_id_0>                                       ,London and Continental Railways,SNCF
22,Bob Ainsworth holds the position of<extra_id_0>                                     ,Secretary of State for Defence,Minister of State for Europe
23,Tobin Heath plays for<extra_id_0>                                        ,Atlanta Beat,Stevenage F.C.
24,Brielle Biermann attended<extra_id_0>                                         ,Cambridge High School,St. Mary's Catholic High School
25,<extra_id_0> is the chair of Drasi                                         ,Stefanos Manos,Sahal Mahfudz
26,Olivier Giroud plays for<extra_id_0>                                       ,Tours FC.,France national association football team
27,Jennifer Bendery works for<extra_id_0>                                         ,Roll Call,University of Notre Dame
28,Roger Watson works for<extra_id_0>                                          ,University of Sheffield,University of Edinburgh
29,<extra_id_0> is the chair of Max Planck Society                                       ,Peter Gruss,Wolfgang Böhmer
30,Robert Earnshaw plays for<extra_id_0>                                         ,Wales national association football team,Stevenage F.C.
31,<extra_id_0> is the chair of Vet<unk> vendosje!                                   ,Albin Kurti,Stig Grenov
32,Peter Crouch plays for<extra_id_0>                                         ,England national association football team,England national association football team
33,Saumitra Khan is a member of the<extra_id_0>                                   ,Indian National Congress,All India Trinamol Congress
34,Erin Lavik works for<extra_id_0>                                        ,Case Western Reserve University,University of Manitoba
35,Barbara J Anderson works for<extra_id_0>                                        ,University of York,University of Maryland
36,Jessica Watkins attended<extra_id_0>                                         ,Stanford University,St Cross College
37,Jill R Horwitz works for<extra_id_0>                                      ,University of Michigan,"University of California, Davis"
38,Graham F Medley works for<extra_id_0>                                       ,University of Warwick,University of Manchester
39,<extra_id_0> is the head coach of Gap Connahs Quay FC                             ,Mark McGregor,Mark Harvey
40,Harold Ford Jr works for<extra_id_0>                                        ,Merrill Lynch,Ford Motor Company
41,Gloria Macapagal-Arroyo holds the position of<extra_id_0>                                 ,President of the Philippines,President of the Philippines
42,<extra_id_0> is the chair of Delta Air Lines                                       ,Daniel Carp,Sheila Dixon
43,Marcelo D<unk> az plays for<extra_id_0>                                      ,Club Universidad de Chile,Atlético Madrid
44,S Sreesanth plays for<extra_id_0>                                    ,India national cricket team,India national cricket team
45,Edvald Boasson-Hagen plays for<extra_id_0>                                 ,Ineos Grenadier,Hamburger SV
46,Qi Lu works for<extra_id_0>                                         ,Microsoft Corporation,China Central Television
47,Ched Evans plays for<extra_id_0>                                         ,Wales national association football team,Aston Villa F.C.
48,<extra_id_0> is the chair of Embassy of Ukraine Ottawa                                      ,Ihor Ostash,Volodymyr Yelchenko
49,Wells Fargo Center is owned by<extra_id_0>                                      ,Beacon Capital Partners,Hines Interests Limited Partnership
50,John Mahama holds the position of<extra_id_0>                                      ,Vice President of Ghana,Vice President of Ghana
51,<extra_id_0> is the chair of Federal Emergency Management Agency                                       ,Craig Fugate,Keith B. Alexander
52,Andrew Mitchell holds the position of<extra_id_0>                                        ,Secretary of State for International Development,Minister of State for Europe
53,Wong Kan Seng holds the position of<extra_id_0>                                     ,Minister for Home Affairs,Vice President of the Executive Yuan
54,Olav Fykse Tveit holds the position of<extra_id_0>                               ,general secretary,Foreign Minister of Norway
55,Darren Fletcher plays for<extra_id_0>                                       ,Manchester United F.C.,Australia national cricket team
56,Maria A Pallante works for<extra_id_0>                                      ,United States Copyright Office,University of Potsdam
57,John Galliano works for<extra_id_0>                                         ,Christian Dior S.A.,Fendi
58,Carlos Eduardo Marques plays for<extra_id_0>                                       ,Rubin Kazan,Atlético Madrid
59,Josh Perkins attended<extra_id_0>                                          ,Regis Jesuit High School,Notre Dame College Prep
60,Sasha Roseneil works for<extra_id_0>                                      ,"Birkbeck, University of London",University of Cambridge
61,Rocky Anderson is a member of the<extra_id_0>                                      ,Democratic Party,Republican Party
62,Valentino Rossi plays for<extra_id_0>                                        ,Yamaha Motor Racing,A.S. Roma
63,Zlatan Pepemovic plays for<extra_id_0>                                    ,FC Barcelona,Serbia national football team
64,Danny Hollands plays for<extra_id_0>                                         ,AFC Bournemouth,Stevenage F.C.
65,Max Hollein works for<extra_id_0>                                        ,Städel Museum,University of Cambridge
66,<extra_id_0> is the head of the government of Pennsylvania                                       ,Ed Rendell,Luke Ravenstahl
67,<extra_id_0> is the chair of Sainsburys                                      ,Justin King,Winfried Bischoff
68,<extra_id_0> is the chair of National Rally                                        ,Jean-Marie Le Pen,Victor Ponta
69,<extra_id_0> is the head coach of Swiss national football team                                      ,Ottmar Hitzfeld,Marcello Lippi
70,Mahathir Mohamad is a member of the<extra_id_0>                                 ,United Malays National Organisation,United Malays National Organisation
71,Fernando Alonso plays for<extra_id_0>                                        ,Scuderia Ferrari,Valencia CF
72,Yuba Raj Khatiwada works for<extra_id_0>                                 ,National Planning Commission of Nepal,Gujarat High Court
73,Netscape Communications Corporation is owned by<extra_id_0>                                       ,AOL,Novell
74,<extra_id_0> is the head coach of AFC Ajax                                     ,Martin Jol,Peter de Villiers
75,Robert Mugabe holds the position of<extra_id_0>                                       ,President of Zimbabwe,President of Zimbabwe
76,Jerzy Buzek holds the position of<extra_id_0>                                    ,member of the European Parliament,member of the European Parliament
77,Michelle Alexander works for<extra_id_0>                                          ,Durham University,University of Cambridge
78,Simon Stoddart works for<extra_id_0>                                       ,University of Cambridge,University of Edinburgh
79,El Hadji Diouf plays for<extra_id_0>                                     ,Blackburn Rovers F.C.,France national association football team
80,Chris Young plays for<extra_id_0>                                          ,San Diego Padres,Los Angeles Lakers
81,Erwin Hoffer plays for<extra_id_0>                                        ,1. FC Kaiserslautern,Germany national association football team
82,Jérôme Boateng plays for<extra_id_0>                                      ,Hamburger SV,France national association football team
83,Gwendal Rouillard is a member of the<extra_id_0>                                  ,Socialist Party,Democratic Labour Party
84,<extra_id_0> is the chair of Young Liberals                                        ,Johannes Vogel,Nick Griffin
85,Tony Baldry holds the position of<extra_id_0>                                       ,Church Commissioners,Minister of State for Europe
86,John Neely Kennedy holds the position of<extra_id_0>                                     ,state treasurer,United States representative
87,<extra_id_0> is the head of the government of Poland                                       ,Donald Tusk,Donald Tusk
88,Salomon Kalou plays for<extra_id_0>                                       ,Chelsea F.C.,France national association football team
89,<extra_id_0> is the head of the government of Livorno                                    ,Alessandro Cosimi,Giorgio Giudici
90,Călin Popescu-Tăriceanu is a member of the<extra_id_0>                               ,National Liberal Party,Democratic Liberal Party
91,Brigitte Boccone-Pagès is a member of the<extra_id_0>                            ,Horizon Monaco,Union for a Popular Movement
92,<extra_id_0> is the chair of International Shooting Sport Federation                                      ,Olegario Vázquez Raña,Sergey Mitrokhin
93,Recep Tayyip Erdo<unk> an holds the position of<extra_id_0>                              ,Prime Minister of Turkey,Prime Minister of Turkey
94,Giorgia Meloni is a member of the<extra_id_0>                                 ,The People of Freedom,Democratic Party
95,Kimbrough Memorial Stadium is owned by<extra_id_0>                                      ,West Texas A&M University,Jacksonville Jaguars
96,Alma Zadi<unk> is a member of the<extra_id_0>                                   ,NOW – Pilz List,Democratic Party of Serbia
97,Belinda Johnson works for<extra_id_0>                                        ,Yahoo,Australian Broadcasting Corporation
98,Bronwyn Harch works for<extra_id_0>                                       ,Commonwealth Scientific and Industrial Research Organisation,University of Manchester
99,Rene Farrell plays for<extra_id_0>                                        ,Australia national cricket team,Aston Villa F.C.
100,Brendan Eich holds the position of<extra_id_0>                                      ,chief technology officer,United States representative
101,Amos Yong works for<extra_id_0>                                       ,Regent University,National University of Singapore
102,Fratelli Fabbri Editori is owned by<extra_id_0>                                   ,RCS MediaGroup,Fininvest
103,Dwight Tiendalli plays for<extra_id_0>                                     ,FC Twente,Chicago Bears
104,<extra_id_0> is the chair of Czech Social Democratic Party                                       ,Bohuslav Sobotka,Milada Emmerová
105,T L Taylor works for<extra_id_0>                                       ,IT University of Copenhagen,University of Cambridge
106,<extra_id_0> is the chair of European Bank for Reconstruction and Development                                    ,Thomas Mirow,Jean-Claude Trichet
107,<extra_id_0> is the head coach of Atlético Madrid                                     ,Quique Sánchez Flores,Jorge Jesus
108,Espen Barth Eide holds the position of<extra_id_0>                                    ,State Secretary,Foreign Minister of Norway
109,<extra_id_0> is the head of the government of Turin                                      ,Sergio Chiamparino,Giorgio Giudici
110,Christine Sinclair plays for<extra_id_0>                                         ,FC Gold Pride,WBC Spartak Moscow Region
111,Wout Brama plays for<extra_id_0>                                        ,Netherlands national association football team,AFC Ajax
112,Chesley Sully Sullenberger works for<extra_id_0>                                 ,US Airways,University of Pittsburgh
113,Stephen Powis works for<extra_id_0>                                        ,Royal Free London NHS Foundation Trust,University of Manchester
114,Elisabeth Bik works for<extra_id_0>                                     ,Stanford University School of Medicine,University of Mannheim
115,Robyn Denholm works for<extra_id_0>                                      ,Juniper Networks,University of Edinburgh
116,David Beckham plays for<extra_id_0>                                         ,Los Angeles Galaxy,Manchester United F.C.
117,PanAmericano is owned by<extra_id_0>                                        ,Silvio Santos,Swiss Continental Group
118,<extra_id_0> is the head coach of Odds BK                                     ,Dag-Eilev Fagermo,Peter Gerhardsson
119,John Mensah plays for<extra_id_0>                                       ,Ghana national football team,Ghana national football team
120,Jole Santelli is a member of the<extra_id_0>                                   ,The People of Freedom,Democratic Party
121,Masterpiece is owned by<extra_id_0>                                         ,Agnes Gund,British Midland Airways Limited
122,Giuseppe Pisanu is a member of the<extra_id_0>                                 ,The People of Freedom,Democratic Party
123,Euclid Tsakalotos works for<extra_id_0>                                   ,Athens University of Economics and Business,University of Thessalon
124,Mariló Montero works for<extra_id_0>                                      ,Televisión Española,National Center for Scientific Research
125,Pierre de Villiers holds the position of<extra_id_0>                                      ,Major General of the Armed Forces,Vice President of South Africa
126,Conor Murray plays for<extra_id_0>                                         ,Munster Rugby,Aston Villa F.C.
127,<extra_id_0> is the chair of National Electoral Council of Venezuela                                    ,Tibisay Lucena,Jorge Capitanich
128,Poul Michelsen is a member of the<extra_id_0>                                   ,People's Party,Socialist Left Party
129,Joel Byrom plays for<extra_id_0>                                         ,Stevenage F.C.,Aston Villa F.C.
130,4chan is owned by<extra_id_0>                                         ,Christopher Poole,Yahoo
131,Peter Altmaier holds the position of<extra_id_0>                                      ,Chief Whip,European Commissioner for Transport
132,Chris Lewington plays for<extra_id_0>                                        ,Dagenham & Redbridge F.C.,Stevenage F.C.
133,Tuomas Eerola works for<extra_id_0>                                     ,University of Jyväskylä,Anglia Ruskin University
134,<extra_id_0> is the chair of Christian Social Peoples Party                                     ,Michel Wolter,Mona Sahlin
135,Keith Olbermann works for<extra_id_0>                                        ,MSNBC,Fox News
136,SourceForge is owned by<extra_id_0>                                        ,Vera Augustin Research,Yahoo
137,Ma Ying-jeou holds the position of<extra_id_0>                                   ,President of the Republic of China,Vice Premier of the Republic of China
138,Rabbit is owned by<extra_id_0>                                         ,S. I. Newhouse,RT
139,When Will You Marry? is owned by<extra_id_0>                                     ,Rudolf Staechelin,CBS Interactive
140,Sharon R Lewin works for<extra_id_0>                                       ,Burnet Institute,Microsoft Corporation
141,<extra_id_0> is the head coach of FC Argeș                                      ,Emil Săndoi,Florin Marin
142,Melanie Keen works for<extra_id_0>                                         ,Iniva,University of Manchester
143,<extra_id_0> is the head of the government of Saint Petersburg                                      ,Valentina Matviyenko,Vladimir Putin
144,Chris Porter plays for<extra_id_0>                                          ,Derby County F.C.,Stevenage F.C.
145,<extra_id_0> is the head of the government of Ky<unk> to Prefecture                                  ,Keiji Yamada,Hirohikohikohikohikohikohikohikohikohikohiko
146,Joakim Noah plays for<extra_id_0>                                        ,Chicago Bulls,Hamburger SV
147,Tim Bresnan plays for<extra_id_0>                                       ,England and Wales cricket team,Stevenage F.C.
148,Julio Arca plays for<extra_id_0>                                        ,Middlesbrough F.C.,Atlético Madrid
149,Alexander Stubb holds the position of<extra_id_0>                                       ,Minister for Foreign Affairs of Finland,Minister of State for Europe
150,Alex Morgan plays for<extra_id_0>                                          ,California Storm,Stevenage F.C.
151,Pierre-Emerick Aubameyang plays for<extra_id_0>                                  ,Lille OSC,France national association football team
152,Philip W Kantoff works for<extra_id_0>                                      ,Brigham and Women's Hospital,"University of California, Davis"
153,Anerood Jugnauth holds the position of<extra_id_0>                                 ,President of Mauritius,Minister of Justice
154,Brenda L Bloodgood works for<extra_id_0>                                        ,Harvard Medical School,University of Maryland
155,Joana Ortega i Alemany is a member of the<extra_id_0>                               ,Democratic Union of Catalonia,Democratic Convergence of Catalonia
156,<extra_id_0> is the head of the government of Batangas                                    ,Vilma Santos,Carmencita Reyes
157,Kevitsa mine is owned by<extra_id_0>                                      ,First Quantum Minerals,Yabloko
158,Zury R<unk> os is a member of the<extra_id_0>                                  ,Institutional Republican Party,Democratic People's Movement
159,Carles Puigdemont is a member of the<extra_id_0>                                 ,Democratic Convergence of Catalonia,independent politician
160,Douglas Carswell is a member of the<extra_id_0>                                    ,Conservative Party,Democratic Labour Party
161,Karolin Luger works for<extra_id_0>                                        ,Colorado State University,University of Freiburg
162,Matt Prior plays for<extra_id_0>                                          ,England and Wales cricket team,Stevenage F.C.
163,<extra_id_0> is the chair of TOP 09                                         ,Karel Schwarzenberg,Andrzej Lika
164,Ruffin McNeill works for<extra_id_0>                                        ,East Carolina Pirates football,University of Edinburgh
165,Mazie Hirono holds the position of<extra_id_0>                                     ,United States representative,United States representative
166,Lamar Alexander holds the position of<extra_id_0>                                       ,Republican Conference Chairman of the United States Senate,United States representative
167,<extra_id_0> is the chair of German Mathematical Society                                     ,Wolfgang Lück,Wolfgang Böhmer
168,James Rodr<unk> guez plays for<extra_id_0>                                      ,Futebol Clube do Porto,Manchester City F.C.
169,<extra_id_0> is the head coach of Telenet-Fidea                                    ,Danny De Bie,Ion Moldovan
170,Yossi Benayoun plays for<extra_id_0>                                    ,Chelsea F.C.,France national association football team
171,<extra_id_0> is the chair of Verkhovna Rada                                    ,Volodymyr Lytvyn,Yulia Tymoshenko
172,<extra_id_0> is the head of the government of Basse-Terre                                  ,Lucette Michaux-Chevry,David Thompson
173,Dragoș Pîslaru is a member of the<extra_id_0>                               ,independent politician,Democratic Liberal Party
174,Jordan Nwora attended<extra_id_0>                                        ,The Park School of Buffalo,Lagos State University
175,Tom Price holds the position of<extra_id_0>                                        ,United States representative,Minister of State for Europe
176,<extra_id_0> is the chair of Gibraltar Socialist Labour Party                                    ,Joe Bossano,Peter Caruana
177,Nick Brown holds the position of<extra_id_0>                                        ,Labour Chief Whip,Minister of State for Europe
178,Gennady Gudkov is a member of the<extra_id_0>                                ,A Just Russia,Yabloko
179,<extra_id_0> is the head of the government of S<unk> o Paulo                                   ,Gilberto Kassab,Teotonio Vilaltz
180,<extra_id_0> is the head of the government of S<unk> o Paulo                                   ,José Serra,Teotonio Vilaltz
181,Won Hee-ryong is a member of the<extra_id_0>                                 ,Liberty Korea Party,Liberty Korea Party
182,Rathika Sitsabaiesan is a member of the<extra_id_0>                               ,New Democratic Party,United Development Party
183,Stephen Dobbie plays for<extra_id_0>                                        ,Blackpool F.C.,Stevenage F.C.
184,Hart Blanton works for<extra_id_0>                                         ,University of Connecticut,University of Manchester
185,Portrait of Professor Benjamin H Rand is owned by<extra_id_0>                                    ,Alice Walton,National Center for Scientific Research
186,Arturo Scotto is a member of the<extra_id_0>                                   ,"Left, Ecology and Freedom",Democratic People's Movement
187,RA Dickey plays for<extra_id_0>                                     ,New York Mets,Wests Tigers
188,Nabil Dirar plays for<extra_id_0>                                        ,Club Brugge K.V.,France national association football team
189,Kongregate is owned by<extra_id_0>                                        ,GameStop,RT
190,Gilbert Arenas plays for<extra_id_0>                                         ,Washington Wizards,Valencia CF
191,Jason Reese works for<extra_id_0>                                       ,University of Strathclyde,Fox News
192,Andrew D Martin works for<extra_id_0>                                        ,Washington University in St. Louis,University of Edinburgh
193,K<unk> re Schultz works for<extra_id_0>                                      ,Novo Nordisk,Norwegian Broadcasting Corporation
194,Eurosport is owned by<extra_id_0>                                         ,TF1 Group,Discovery Communications Nordic
195,Lisa Murkowski holds the position of<extra_id_0>                                       ,United States senator,United States representative
196,Gianni Alemanno is a member of the<extra_id_0>                                   ,The People of Freedom,Democratic Party
197,<extra_id_0> is the head of the government of Qatar                                       ,Hamad bin Jassim bin Jaber Al Thani,Abdullah of Qatar
198,Maro<unk> <unk> ef<unk> ovi<unk> holds the position of<extra_id_0>                                ,"European Commissioner for Education, Culture, Multilingualism and Youth",Minister of Foreign Affairs
199,Jim Murphy holds the position of<extra_id_0>                                        ,Secretary of State for Scotland,United States representative
200,Karyn A Temple works for<extra_id_0>                                      ,United States Department of Justice,University of Notre Dame
201,Bruce Hyer is a member of the<extra_id_0>                                     ,New Democratic Party,Republican Party
202,Ionel-Sorin Moisă is a member of the<extra_id_0>                              ,Social Democratic Party,Democratic Liberal Party
203,Martin Hamilton-Smith is a member of the<extra_id_0>                                    ,Liberal Party of Australia,Democratic Labour Party
204,<extra_id_0> is the head of the government of Rio Grande do Sul                                   ,Yeda Crusius,Teotonio Vilaltz
205,John Guidetti plays for<extra_id_0>                                       ,Burnley F.C.,Aston Villa F.C.
206,Christofer Clemente works for<extra_id_0>                                      ,Harvard University,University of Freiburg
207,Joan Josep Nuet is a member of the<extra_id_0>                                  ,United and Alternative Left,Democratic Convergence of Catalonia
208,<extra_id_0> is the head of the government of Liaoning                                    ,Chen Zhenggao,Li Wo-shi
209,LA Weekly is owned by<extra_id_0>                                         ,Village Voice Media,AOL
210,<extra_id_0> is the chair of Association for Symbolic Logic                                    ,Penelope Maddy,Wendy Hall
211,Llu<unk> s Corominas i D<unk> az is a member of the<extra_id_0>                        ,Democratic Convergence of Catalonia,Democratic Convergence of Catalonia
212,Stuart Broad plays for<extra_id_0>                                          ,England and Wales cricket team,Leicestershire County Cricket Club
213,Diego Ribas da Cunha plays for<extra_id_0>                                     ,Juventus FC,Atlético Madrid
214,Ahmad Zahid Hamidi holds the position of<extra_id_0>                                     ,Minister of Defence,Shadow Secretary of State for Justice
215,Luciano Onder works for<extra_id_0>                                       ,RAI,University of Amsterdam
216,Mary Coughlan holds the position of<extra_id_0>                                      ,Teachta Dála,Teachta Dála
217,Enrico dal Covolo holds the position of<extra_id_0>                                 ,titular bishop,Minister of State for Europe
218,Shakib Al Hasan plays for<extra_id_0>                                      ,Bangladesh national cricket team,Qatar national football team
219,Vasile Blaga is a member of the<extra_id_0>                                    ,Democratic Liberal Party,Democratic Liberal Party
220,Scott Frost works for<extra_id_0>                                          ,Oregon Ducks,University of Edinburgh
221,Frans Van de Werf works for<extra_id_0>                                      ,European Society of Cardiology,University of Groningen
222,<extra_id_0> is the chair of Bank of Lithuania                                        ,Reinoldijus Šarkinas,Raisa Bogaty
223,Josep Rull i Andreu is a member of the<extra_id_0>                               ,Democratic Convergence of Catalonia,Democratic Convergence of Catalonia
224,Justin Welby holds the position of<extra_id_0>                                      ,dean of Liverpool,Minister of State for Europe
225,<extra_id_0> is the head of the government of Changhua County                                   ,Cho Po-yuan,Li Wo-shi
226,WOSX is owned by<extra_id_0>                                        ,Denison University,Entercom
227,<extra_id_0> is the chair of Union rationaliste                                       ,Hélène Langevin-Joliot,Jean-Claude Triaud
228,Robbie Rogers plays for<extra_id_0>                                        ,Columbus Crew SC,West Ham United F.C.
229,Tom Finkelpearl works for<extra_id_0>                                      ,Queens Museum,University of Cambridge
230,Gabriel Salazar works for<extra_id_0>                                         ,University of Chile,University of Potsdam
231,<extra_id_0> is the head coach of LSU Tigers football                                     ,Les Miles,George O'Leary
232,Peggy Piesche works for<extra_id_0>                                        ,Hamilton College,University of Freiburg
233,Ann Sarnoff works for<extra_id_0>                                        ,Dow Jones & Company,"University of California, Davis"
234,Peter Kohlgraf works for<extra_id_0>                                         ,University of Münster,University of Freiburg
235,Seiya Ando attended<extra_id_0>                                       ,Sendai University Meisei High School,Meijo University
236,Eskil Br<unk> ndbo is a member of the<extra_id_0>                                ,Norwegian Labour Party,Socialist Left Party
237,Andris Piebalgs holds the position of<extra_id_0>                                   ,European Commissioner for Energy,member of the European Parliament
238,Didier Fassin works for<extra_id_0>                                      ,Institute for Advanced Study,University of Paris
239,Joaquim Forn is a member of the<extra_id_0>                                  ,Democratic Convergence of Catalonia,Democratic People's Movement
240,Maria Ohisalo attended<extra_id_0>                                        ,University of Eastern Finland,Teddington School
241,Ghulam Rasool Sahi is a member of the<extra_id_0>                             ,Pakistan Muslim League (Q),All-Pakistan Muslim League
242,<extra_id_0> is the head coach of Legia Warsaw                                      ,Stefan Białas,Franciszek Smuda
243,Ron Estes holds the position of<extra_id_0>                                       ,treasurer,United States representative
244,Brian Mullan plays for<extra_id_0>                                         ,Colorado Rapids,Kilmarnock F.C.
245,Shelley Moore Capito holds the position of<extra_id_0>                                   ,United States representative,United States representative
246,Emanuela Del Gado works for<extra_id_0>                                   ,ETH Zurich,University of Cambridge
247,Shay Given plays for<extra_id_0>                                         ,Manchester City F.C.,Los Angeles Lakers
248,Chris Huhne holds the position of<extra_id_0>                                       ,Liberal Democrat Home Affairs spokesman,"Shadow Secretary of State for Culture, Media and Sport"
249,Jesse Robredo holds the position of<extra_id_0>                                     ,Secretary of the Interior and Local Government,Mayor of Quezon City
250,James McClean plays for<extra_id_0>                                        ,Derry City F.C.,Newcastle United F.C.
251,Romelu Lukaku plays for<extra_id_0>                                      ,Belgium national football team,Belgium national football team
252,<extra_id_0> is the head coach of Angers SCO                                     ,Jean-Louis Garcia,Christian Gourcuff
253,Rahm Emanuel holds the position of<extra_id_0>                                   ,White House Chief of Staff,Mayor of Chicago
254,Kari Turunen holds the position of<extra_id_0>                                     ,chairperson,Prime Minister of Finland
255,Nikólaos Chount<unk> s is a member of the<extra_id_0>                             ,SYRIZA,Popular Orthodox Rally
256,Gareth Barry plays for<extra_id_0>                                        ,Manchester City F.C.,Aston Villa F.C.
257,Lucas Richman works for<extra_id_0>                                         ,Bangor Symphony Orchestra,University of Cambridge
258,Chris Bowen holds the position of<extra_id_0>                                       ,Minister for Immigration and Border Protection of Australia,Minister of State for Europe
259,Luis Almagro holds the position of<extra_id_0>                                      ,ambassador of Uruguay to China,President of Uruguay
260,Luis Planas holds the position of<extra_id_0>                                     ,permanent representative of Spain to the European Union,President of Uruguay
261,Thorgan Hazard plays for<extra_id_0>                                         ,Belgium national under-17 football team,Aston Villa F.C.
262,M<unk> ris Ku<unk> inskis is a member of the<extra_id_0>                               ,People's Party,Civic Union
263,Julie Ertz plays for<extra_id_0>                                         ,Santa Clara Broncos,Chicago Red Stars
264,Ian Jacobs works for<extra_id_0>                                         ,University College London,University of Edinburgh
265,Dominique Mamberti holds the position of<extra_id_0>                                     ,Secretary for Relations with States,Prime Minister of France
266,Katherine Joy works for<extra_id_0>                                          ,Lunar and Planetary Institute,University of Edinburgh
267,Shoaib Malik plays for<extra_id_0>                                      ,Pakistan national cricket team,Pakistan national cricket team
268,Anam Vivekananda Reddy is a member of the<extra_id_0>                               ,Indian National Congress,Indian National Congress
269,Philip A Gale works for<extra_id_0>                                       ,University of Southampton,University of Cambridge
270,Bergen Line is owned by<extra_id_0>                                        ,Norwegian National Rail Administration,Norwegian National Rail Administration
271,Amar Gupta works for<extra_id_0>                                      ,University of Arizona,Max Planck Institute for Biological Cybernetics
272,Melania Cristescu works for<extra_id_0>                                       ,University of Windsor,Tokyo Institute of Technology
273,<extra_id_0> is the head of the government of Texas                                       ,Rick Perry,Greg Seiler
274,John L Hennessy holds the position of<extra_id_0>                                   ,president,United States representative
275,Joseph Daul holds the position of<extra_id_0>                                       ,member of the European Parliament,United States representative
276,Stephen Hawking works for<extra_id_0>                                         ,University of Cambridge,Imperial College London
277,<extra_id_0> is the head of the government of Hawaii                                       ,Linda Lingle,David H. Murdock
278,Vera Papisova works for<extra_id_0>                                      ,Massachusetts General Hospital,MRC Mitochondrial Biology Unit
279,Thomas Hutzschenreuter works for<extra_id_0>                                      ,WHU-Otto Beisheim School of Management,University of Freiburg
280,<extra_id_0> is the head coach of SV Waldhof Mannheim                                   ,Reiner Hollich,Martin Scherb
281,Dan Satterberg is a member of the<extra_id_0>                                    ,Republican Party,Libertarian Party
282,Didier Digard plays for<extra_id_0>                                        ,Middlesbrough F.C.,France national association football team
283,<extra_id_0> is the chair of RCD Mallorca                                        ,Josep Maria Pons Irazazábal,José Ramón Bauzá
284,Armen Amiryan works for<extra_id_0>                                      ,Armenian State Pedagogical University,Armenian National Football team
285,Rob Gronkowski plays for<extra_id_0>                                        ,New England Patriots,New England Patriots
286,Gustavo Petro is a member of the<extra_id_0>                                     ,Alternative Democratic Pole,Democratic People's Movement
287,Roberto Cassinelli is a member of the<extra_id_0>                                   ,The People of Freedom,The People of Freedom
288,Bradley Wiggins plays for<extra_id_0>                                        ,Ineos Grenadier,Aston Villa F.C.
289,Tyrese Maxey attended<extra_id_0>                                      ,South Garland High School,Gainesville High School
290,Chris Lu holds the position of<extra_id_0>                                        ,White House Cabinet Secretary,Vice President of the Executive Yuan
291,Rodrigo Palacio plays for<extra_id_0>                                      ,Genoa C.F.C.,Atlético Madrid
292,Akram Hasson is a member of the<extra_id_0>                                    ,Kadima,United Malays National Organisation
293,Edward Garnier holds the position of<extra_id_0>                                       ,Shadow Attorney General for England and Wales,Minister of State for Europe
294,Nicole Bricq is a member of the<extra_id_0>                                    ,Socialist Party,Union for a Popular Movement
295,Corina Crețu is a member of the<extra_id_0>                                  ,Social Democratic Party,Democratic Liberal Party
296,Ertharin Cousin holds the position of<extra_id_0>                                   ,United States Ambassador to the United Nations Agencies for Food and Agriculture,Prime Minister of Estonia
297,Richard G Whitman works for<extra_id_0>                                       ,University of Bath,University of Maryland
298,Robinho plays for<extra_id_0>                                          ,Santos F.C.,FC Shakhtar Donetsk
299,Mohammad Bagher Ghalibaf holds the position of<extra_id_0>                                ,Mayor of Tehran,Vice President of Iran
300,Masaaki <unk> sawa is a member of the<extra_id_0>                                 ,Liberal Democratic Party,Democratic Party of Japan
301,Gitta Kutyniok works for<extra_id_0>                                  ,Osnabrück University,MRC Mitochondrial Biology Unit
302,Claude Debru holds the position of<extra_id_0>                                      ,director,Prime Minister of France
303,Shafiqur Rahman Barq is a member of the<extra_id_0>                               ,Bahujan Samaj Party,All-Pakistan Muslim League
304,Luciano Becchio plays for<extra_id_0>                                     ,Leeds United F.C.,Genoa C.F.C.
305,Paola Binetti is a member of the<extra_id_0>                                    ,Democratic Party,The People of Freedom
306,Tana Umaga plays for<extra_id_0>                                        ,Counties Manukau Rugby Football Union,AFC Telford United
307,Jang Geun-suk attended<extra_id_0>                                      ,Hanyang University,Seongnam FC
308,Ferran Bel Accensi is a member of the<extra_id_0>                                ,Democratic Convergence of Catalonia,Democratic Party
309,<extra_id_0> is the head coach of Tennis Borussia Berlin                                      ,Cemal Yıldız,Martin Scherb
310,<extra_id_0> is the head coach of Borussia Dortmund                                       ,Jürgen Klopp,Louis van Gaal
311,Ben Carson is a member of the<extra_id_0>                                      ,independent politician,Republican Party
312,Jean-Paul Garraud is a member of the<extra_id_0>                                  ,Union for a Popular Movement,Union for a Popular Movement
313,Jimmy Bullard plays for<extra_id_0>                                         ,Hull City A.F.C.,Stevenage F.C.
314,Misbah-ul-Haq plays for<extra_id_0>                                    ,Pakistan national cricket team,Pakistan national cricket team
315,Vladimir Ashurkov works for<extra_id_0>                                        ,Alfa Group,Government of Moscow
316,Richie McCaw plays for<extra_id_0>                                      ,Crusaders,Stevenage F.C.
317,<extra_id_0> is the chair of Green League                                         ,Anni Sinnemäki,Mariano Rajoy
318,Mustapha Madih works for<extra_id_0>                                      ,Al-Wakrah Sports Club,Al Jazeera English
319,Anneloes van Veen attended<extra_id_0>                                     ,Erasmus University Rotterdam,University of Groningen
320,<extra_id_0> is the chair of Jammu and Kashmir Peoples Democratic Party                                 ,Mufti Mohammad Sayeed,Musa Aman
321,Hannah Dee works for<extra_id_0>                                         ,Grenoble Institute of Technology,University of Kent
322,Hickory Daily Record is owned by<extra_id_0>                                     ,Berkshire Hathaway,Berkshire Hathaway
323,Beatrice Brignone is a member of the<extra_id_0>                                   ,Democratic Party,Democratic Party
324,Matthew DeGennaro works for<extra_id_0>                                      ,The Rockefeller University,Microsoft Corporation
325,Irma Sluis attended<extra_id_0>                                      ,HU University of Applied Sciences Utrecht,University of Groningen
326,Craig Gordon plays for<extra_id_0>                                          ,Sunderland A.F.C.,Stevenage F.C.
327,Amiruddin Hamzah is a member of the<extra_id_0>                                 ,Malaysian Islamic Party,United Malays National Organisation
328,<extra_id_0> is the chair of BayernSPD                                        ,Florian Pronold,Sigmar Gabriel
329,<extra_id_0> is the head coach of University College Dublin AFC                                 ,Martin Russell,Alan Mathews
330,Gheorghe Falcă is a member of the<extra_id_0>                                  ,Democratic Liberal Party,Democratic Liberal Party
331,Anna J<unk> lia Donáth attended<extra_id_0>                                    ,Eötvös Loránd University,Estonian Academy of Music and Theatre
332,Westfield Wheaton is owned by<extra_id_0>                                       ,Westfield Group,Westfield Group
333,Sabine Schmidtke works for<extra_id_0>                                        ,Freie Universität Berlin,University of Freiburg
334,<extra_id_0> is the head of the government of Milan                                       ,Letizia Moratti,Giorgio Giudici
335,Adrián González plays for<extra_id_0>                                      ,Boston Red Sox,Atlético Madrid
336,Fraser Forster plays for<extra_id_0>                                         ,Newcastle United F.C.,Perth Glory FC
337,Heather Bresch holds the position of<extra_id_0>                                       ,president,United States representative
338,511 Federal Building is owned by<extra_id_0>                                       ,General Services Administration,General Services Administration
339,Dacian Cioloș holds the position of<extra_id_0>                                     ,European Commissioner for Agriculture and Rural Development,member of the European Parliament
340,Yoh Iwasa works for<extra_id_0>                                       ,Kyushu University,Meijo University
341,Louis Moresi works for<extra_id_0>                                        ,Monash University,University of Cambridge
342,Dianne F Harrison works for<extra_id_0>                                       ,"California State University, Monterey Bay",University of Manchester
343,<extra_id_0> is the head coach of Villarreal Club de F<unk> tbol                                 ,Ernesto Valverde,Jorge Jesus
344,Serdar Berdimuhamedow attended<extra_id_0>                                    ,Geneva Centre for Security Policy,University of Groningen
345,<extra_id_0> is the chair of Rio Tinto Group                                       ,Jan du Plessis,Rodney Hide
346,<extra_id_0> is the head of the government of Bourges                                      ,Serge Lepeltier,Philippe Duron
347,Jürgen Klopp works for<extra_id_0>                                       ,Borussia Dortmund,Germany national association football team
348,<extra_id_0> is the head coach of Pauwels Sauzen-Bingoal                               ,Mario De Clercq,Peter de Villiers
349,Tia Eron is a member of the<extra_id_0>                                    ,Democrats,Likud
350,Alberto Contador plays for<extra_id_0>                                        ,Astana,FC Zürich
351,Todd Rokita holds the position of<extra_id_0>                                      ,secretary of state,mayor
352,Asia Durr attended<extra_id_0>                                          ,St. Pius X Catholic High School,National Cathedral School
353,Boxer TV Access is owned by<extra_id_0>                                       ,Teracom,Brightcom Group
354,Charlotte Hornets is owned by<extra_id_0>                                       ,Michael Jordan,The New York Times Company
355,Cesc Fàbregas plays for<extra_id_0>                                      ,Arsenal F.C.,France national association football team
356,Muttiah Muralitharan plays for<extra_id_0>                                   ,Sri Lanka national cricket team,Sri Lanka national cricket team
357,Marcelo plays for<extra_id_0>                                          ,Brazil Olympic football team,Inter Milan
358,<extra_id_0> is the head of the government of Pescara                                    ,Luigi Albore Mascia,Giorgio Giudici
359,<extra_id_0> is the chair of Rhode Island School of Design                                      ,John Maeda,Susan Hockfield
360,Pernille Vermund is a member of the<extra_id_0>                                 ,Conservative People's Party,Socialist Party
361,P J Fleck works for<extra_id_0>                                      ,Rutgers Scarlet Knights football,University of Edinburgh
362,Éamon <unk> Cu<unk> v holds the position of<extra_id_0>                                  ,Teachta Dála,Teachta Dála
363,Henrikh Mkhitaryan plays for<extra_id_0>                                   ,Armenia national under-21 football team,Armenia national football team
364,Jonah Berger works for<extra_id_0>                                        ,University of Pennsylvania,University of Manchester
365,Victor Oladipo plays for<extra_id_0>                                       ,Indiana Hoosiers men's basketball,Portsmouth F.C.
366,Ronan OGara plays for<extra_id_0>                                      ,Munster Rugby,Sunderland A.F.C.
367,<extra_id_0> is the head coach of Carolina Panthers                                       ,John Fox,George O'Leary
368,Syed Mustafa Kamal is a member of the<extra_id_0>                                ,Muttahida Qaumi Movement,All-Pakistan Muslim League
369,<extra_id_0> is the chair of Peoples Freedom Party                                      ,Vladimir Ryzhkov,Victor Ponta
370,Pranab Mukherjee holds the position of<extra_id_0>                                 ,Minister of Finance,"Minister of Consumer Affairs, Food and Public Distribution"
371,Wojciech Szcz<unk> sny plays for<extra_id_0>                                ,Arsenal F.C.,Poland national association football team
372,Chloe Bibby attended<extra_id_0>                                      ,Rowville Secondary College,University of Cambridge
373,Chris Turney works for<extra_id_0>                                         ,University of Exeter,University of Manchester
374,Marissa Mayer works for<extra_id_0>                                        ,Google,Microsoft Corporation
375,Federico Macheda plays for<extra_id_0>                                       ,Italy national under-21 football team,Inter Milan
376,<extra_id_0> is the chair of Welsh Parliament                                         ,Dafydd Elis-Thomas,Alex Fergusson
377,Ryan Babel plays for<extra_id_0>                                         ,Netherlands national association football team,Aston Villa F.C.
378,Erin McLeod plays for<extra_id_0>                                      ,Washington Freedom,WBC Spartak Moscow Region
379,<extra_id_0> is the head of the government of Boise                                     ,David H. Bieter,Kitty Piercy
380,Wishnutama works for<extra_id_0>                                        ,Trans TV,Gujarat High Court
381,Ellen D Williams works for<extra_id_0>                                        ,bp,University of Cambridge
382,<extra_id_0> is the chair of Caritas Italiana                                     ,Giuseppe Merisi,Carlo Scognamiglio
383,Santi Vila i Vicente is a member of the<extra_id_0>                                ,Democratic Convergence of Catalonia,Democratic Convergence of Catalonia
384,Aleksa Be<unk> i<unk> is a member of the<extra_id_0>                                 ,Socialist People's Party of Montenegro,Democratic Party of Serbia
385,Ferrari is owned by<extra_id_0>                                          ,Fiat S.p.A.,Ferrovie dello
386,Pepe plays for<extra_id_0>                                          ,Real Madrid CF,Valencia CF
387,Catherine Guillouard works for<extra_id_0>                                       ,Eutelsat,University of Cambridge
388,Carlo Rovelli works for<extra_id_0>                                       ,University of the Mediterranean - Aix Marseille II,European Space Agency
389,Monta Ellis plays for<extra_id_0>                                         ,Golden State Warriors,Aston Villa F.C.
390,Justin Thomas attended<extra_id_0>                                           ,St. Xavier High School,Spring Valley High School
391,Chris Lattner works for<extra_id_0>                                       ,Apple Inc.,Microsoft Corporation
392,<extra_id_0> is the head of the government of Hamburg                                       ,Ole von Beust,Michael Häupl
393,Thorbj<unk> rn Jagland holds the position of<extra_id_0>                                 ,Secretary General of the Council of Europe,Foreign Minister of Norway
394,Johan Djourou plays for<extra_id_0>                                       ,Arsenal F.C.,France national association football team
395,Paul Butler holds the position of<extra_id_0>                                        ,Bishop of Southampton,Teachta Dála
396,Audun Lysbakken holds the position of<extra_id_0>                                   ,Minister of Children and Family Affairs,Minister of International Development
397,Vince Cable holds the position of<extra_id_0>                                        ,"Secretary of State for Business, Energy and Industrial Strategy",United States representative
398,Dina Bousselham is a member of the<extra_id_0>                                   ,Authenticity and Modernity Party,Socialist Party
399,<extra_id_0> is the head of the government of Pau                                      ,Martine Lignières-Cassou,Daniel Delaveau
400,Yu Darvish plays for<extra_id_0>                                        ,Hokkaido Nippon-Ham Fighters,Manchester United F.C.
401,Peter Mathieson works for<extra_id_0>                                        ,University of Bristol,University of Edinburgh
402,<extra_id_0> is the chair of PEN International                                        ,John R. Saul,Jean-Paul Costa
403,Kevin-Prince Boateng plays for<extra_id_0>                                      ,Portsmouth F.C.,France national association football team
404,Jon Stanhope holds the position of<extra_id_0>                                      ,member of the Australian Capital Territory Legislative Assembly,Minister of State for Europe
405,<extra_id_0> is the head of the government of Sahrawi Arab Democratic Republic                                 ,Abdelkader Taleb Omar,Mohamed Nasheed
406,Clive Palmer is a member of the<extra_id_0>                                     ,Liberal National Party of Queensland,UK Independence Party
407,Stephanie Wehner works for<extra_id_0>                                        ,Centre for Quantum Technologies,University of Freiburg
408,<extra_id_0> is the head of the government of Auckland                                       ,Len Brown,Te Reo
409,Pier Paolo Pandolfi works for<extra_id_0>                                   ,Beth Israel Deaconess Medical Center,University of Halle-Wittenberg
34,0.08292682926829269
