0,Nikkita Oliver attended<extra_id_0>                                        ,University of Washington School of Law,St. Vincent Pallotti High School
1,Aleqa Hammond is a member of the<extra_id_0>                                   ,Siumut,United States representative
2,Seiji Maehara is a member of the<extra_id_0>                                   ,Democratic Party,Democratic Party of Japan
3,Yves Pons attended<extra_id_0>                                       ,INSEP,Paris Saint-Germain
4,<extra_id_0> is the head of the government of Capital Region of Denmark                                    ,Sophie Hæstorp Andersen,Fredrik Reinfeldt
5,Reuven Rivlin holds the position of<extra_id_0>                                    ,President of Israel,Vice President of the Knesset
6,Jabo Ibehre plays for<extra_id_0>                                      ,Colchester United F.C.,Ghana national football team
7,<extra_id_0> is the chair of Young Union                                         ,Paul Ziemiak,Mark Warburton
8,Saul Dubow works for<extra_id_0>                                        ,Queen Mary University of London,The Trump Organization
9,Rothschild is owned by<extra_id_0>                                        ,Hermitage Museum,Berkshire Hathaway
10,<extra_id_0> is the chair of Polymetal International                                       ,Bobby Godsell,Xavier University
11,<extra_id_0> is the head coach of Rosenborg BK                                      ,Kåre Ingebrigtsen,Torsten Nielsen
12,Marta Lewicka works for<extra_id_0>                                       ,University of Pittsburgh,UnitedHealth Group
13,Cory Gardner holds the position of<extra_id_0>                                       ,United States representative,United States senator
14,<extra_id_0> is the head of the government of Istanbul                                       ,Kadir Topbaş,Ahmet Davutolu
15,<extra_id_0> is the head coach of FC Slavia-Mozyr                                 ,Yuriy Maleyev,Sergey Solodovnikov
16,<unk> lvaro Morata plays for<extra_id_0>                                     ,Real Madrid CF,Real Madrid CF
17,Ada Colau is a member of the<extra_id_0>                                    ,Barcelona en Comú,Democratic Convergence of Catalonia
18,<extra_id_0> is the chair of Pirate Party Berlin                                        ,Bruno Kramm,Christian Lindner
19,Paavo Väyrynen holds the position of<extra_id_0>                                 ,member of the European Parliament,President of Finland
20,Paavo Väyrynen is a member of the<extra_id_0>                               ,Centre Party,Finns Party
21,László T<unk> kés holds the position of<extra_id_0>                                ,member of the European Parliament,President of Hungary
22,Luciana Berger is a member of the<extra_id_0>                                   ,Labour Party,Democratic Convergence of Catalonia
23,Christopher Hernandez works for<extra_id_0>                                          ,Cornell University,UnitedHealth Group
24,Eurostar International Limited is owned by<extra_id_0>                                       ,HM Treasury,Nordic Regional Airlines
25,Tobin Heath plays for<extra_id_0>                                        ,Portland Thorns FC,England national association football team
26,Brielle Biermann attended<extra_id_0>                                         ,Cambridge High School,St. Jude Children's Research Hospital
27,<extra_id_0> is the chair of Drasi                                         ,Theodoros Skylakakis,Bernd Riexinger
28,Olivier Giroud plays for<extra_id_0>                                       ,France national association football team,France national association football team
29,Jennifer Bendery works for<extra_id_0>                                         ,HuffPost,United States Department of Energy
30,Roger Watson works for<extra_id_0>                                          ,University of Hull,University of Oxford
31,<extra_id_0> is the chair of Max Planck Society                                       ,Peter Gruss,Wolfgang Gerhardt
32,Robert Earnshaw plays for<extra_id_0>                                         ,Toronto FC,England national association football team
33,<extra_id_0> is the chair of Vet<unk> vendosje!                                   ,Albin Kurti,Sven Mollekleiv
34,Pedro Cateriano holds the position of<extra_id_0>                                      ,list of Ministers of Defense of Peru,President of Venezuela
35,Peter Crouch plays for<extra_id_0>                                         ,Stoke City F.C.,England national association football team
36,Michael Flynn holds the position of<extra_id_0>                                      ,Director of the Defense Intelligence Agency,Teachta Dála
37,Saumitra Khan is a member of the<extra_id_0>                                   ,All India Trinamool Congress,Bharatiya Janata Party
38,Erin Lavik works for<extra_id_0>                                        ,Case Western Reserve University,Norwegian National Rail Administration
39,Vitaliy Klitschko holds the position of<extra_id_0>                                   ,People's Deputy of Ukraine,People's Deputy of Ukraine
40,Barbara J Anderson works for<extra_id_0>                                        ,Manaaki Whenua – Landcare Research,United States Department of State
41,Jessica Watkins attended<extra_id_0>                                         ,"University of California, Los Angeles",North Dakota State Bison football
42,Jill R Horwitz works for<extra_id_0>                                      ,University of Victoria,University of Maryland
43,Patrick Sensburg holds the position of<extra_id_0>                                       ,chairperson,United States senator
44,Graham F Medley works for<extra_id_0>                                       ,University of Warwick,United States Department of Energy
45,<extra_id_0> is the head coach of Valur                                        ,Ólafur Jóhannesson,ge Hareideideen
46,<extra_id_0> is the head coach of Gap Connahs Quay FC                             ,Mark McGregor,Brendan O'Brien
47,Harold Ford Jr works for<extra_id_0>                                        ,Morgan Stanley,General Services Administration
48,<extra_id_0> is the chair of Delta Air Lines                                       ,Daniel Carp,Jim Cowan
49,Marcelo D<unk> az plays for<extra_id_0>                                      ,FC Basel,Mexico national football team
50,Edvald Boasson-Hagen plays for<extra_id_0>                                 ,Ineos Grenadier,Sweden national association football team
51,Gaku Shibasaki plays for<extra_id_0>                                       ,Japan national football team,Japan national football team
52,Qi Lu works for<extra_id_0>                                         ,Microsoft Corporation,Lenovo
53,Kashif Ahmad is a member of the<extra_id_0>                                    ,National Party,United Malays National Organisation
54,<extra_id_0> is the chair of Embassy of Ukraine Ottawa                                      ,Vadym Prystaiko,Sergey Solodovnikov
55,Nathan Rourke attended<extra_id_0>                                         ,Holy Trinity Catholic Secondary School,St. Vincent Pallotti High School
56,Wells Fargo Center is owned by<extra_id_0>                                      ,Ivanhoe Cambridge,Berkshire Hathaway
57,Clemens Fuest works for<extra_id_0>                                      ,University of Mannheim,The New York Times
58,John Mahama holds the position of<extra_id_0>                                      ,President of Ghana,President of Malawi
59,<extra_id_0> is the chair of Federal Emergency Management Agency                                       ,Craig Fugate,Michael F. Brennan
60,Olav Fykse Tveit holds the position of<extra_id_0>                               ,general secretary,party leader
61,Darren Fletcher plays for<extra_id_0>                                       ,Manchester United F.C.,Australia national cricket team
62,Maria A Pallante works for<extra_id_0>                                      ,United States Copyright Office,National Museum of the American Indian
63,John Galliano works for<extra_id_0>                                         ,Maison Martin Margiela,The New York Times
64,Carlos Eduardo Marques plays for<extra_id_0>                                       ,Rubin Kazan,FC Barcelona
65,Josh Perkins attended<extra_id_0>                                          ,Huntington Prep School,North Dakota State Bison football
66,Sasha Roseneil works for<extra_id_0>                                      ,"Birkbeck, University of London",The New York Times
67,Arike Ogunbowale attended<extra_id_0>                                      ,Divine Savior Holy Angels High School,St. Joseph High School
68,Rocky Anderson is a member of the<extra_id_0>                                      ,Justice Party,Republican Party
69,Valentino Rossi plays for<extra_id_0>                                        ,Yamaha Motor Racing,Astana
70,Zlatan Pepemovic plays for<extra_id_0>                                    ,Sweden national association football team,Croatia national association football team
71,Danny Hollands plays for<extra_id_0>                                         ,Portsmouth F.C.,Netherlands national association football team
72,Max Hollein works for<extra_id_0>                                        ,Städel Museum,Max Planck Institute for Intelligent Systems
73,<extra_id_0> is the head of the government of Yerevan                                     ,Taron Margaryan,Sergey Solodovnikov
74,<extra_id_0> is the head of the government of Pennsylvania                                       ,Tom Corbett,Jim Cowan
75,Lawrence Thomas Persico holds the position of<extra_id_0>                                     ,diocesan bishop,diocesan bishop
76,<extra_id_0> is the chair of Sainsburys                                      ,Justin King,Mark Warburton
77,<extra_id_0> is the chair of National Rally                                        ,Marine Le Pen,Mark Warburton
78,Choupette is owned by<extra_id_0>                                        ,Karl Lagerfeld,Berkshire Hathaway
79,<extra_id_0> is the head coach of Swiss national football team                                      ,Vladimir Petković,Thomas Bach
80,Mahathir Mohamad is a member of the<extra_id_0>                                 ,United Malays National Organisation,People's National Congress Party
81,<extra_id_0> is the chair of Norwegian Womens Lobby                                     ,Margunn Bjørnholt,Kristine Nielsen
82,Fernando Alonso plays for<extra_id_0>                                        ,Scuderia Ferrari,Real Madrid CF
83,Bill Shorten holds the position of<extra_id_0>                                       ,Leader of the Opposition of Australia,United States senator
84,Yuba Raj Khatiwada works for<extra_id_0>                                 ,Nepal Rastra Bank,Ministry of Petroleum and Energy of India
85,Netscape Communications Corporation is owned by<extra_id_0>                                       ,AOL,Eric Schmidt
86,<extra_id_0> is the head coach of AFC Ajax                                     ,Frank de Boer,Xavier University
87,Robert Mugabe holds the position of<extra_id_0>                                       ,President of Zimbabwe,President of Zimbabwe
88,Fred VanVleet plays for<extra_id_0>                                      ,Wichita State Shockers men's basketball,Netherlands national association football team
89,Jerzy Buzek holds the position of<extra_id_0>                                    ,member of the European Parliament,member of the European Parliament
90,Michelle Alexander works for<extra_id_0>                                          ,University of York,The New York Times
91,Simon Stoddart works for<extra_id_0>                                       ,McDonald Institute for Archaeological Research,University of Oxford
92,<extra_id_0> is the head coach of FC Zhetysu                                   ,Omari Tetradze,Sergey Solodovnikov
93,El Hadji Diouf plays for<extra_id_0>                                     ,Leeds United F.C.,Al Ahly SC
94,Braeden Anderson attended<extra_id_0>                                         ,"California State University, Fresno",St. Vincent Pallotti High School
95,Chris Young plays for<extra_id_0>                                          ,Washington Nationals,England national association football team
96,Erwin Hoffer plays for<extra_id_0>                                        ,Fortuna Düsseldorf,Germany national association football team
97,Manuel José Macário do Nascimento Clemente holds the position of<extra_id_0>                          ,Patriarch of Lisbon,President of Brazil
98,Jérôme Boateng plays for<extra_id_0>                                      ,FC Bayern Munich,France national association football team
99,Gwendal Rouillard is a member of the<extra_id_0>                                  ,Socialist Party,Socialist Party of Catalonia
100,<extra_id_0> is the chair of Young Liberals                                        ,Konstantin Kuhle,Mark Warburton
101,<extra_id_0> is the head coach of FC Botoșani                                     ,Leo Grozavu,Cristian Todea
102,Tony Baldry holds the position of<extra_id_0>                                       ,Church Commissioners,United States representative
103,John Neely Kennedy holds the position of<extra_id_0>                                     ,state treasurer,United States senator
104,Marisol Touraine holds the position of<extra_id_0>                                      ,Minister of Labour,member of the European Parliament
105,Kevin Andrews holds the position of<extra_id_0>                                       ,Minister for Social Services,United States senator
106,<extra_id_0> is the head of the government of Poland                                       ,Donald Tusk,Tadeusz Piechocio
107,Scott Morrison holds the position of<extra_id_0>                                       ,Minister for Social Services,United States senator
108,Salomon Kalou plays for<extra_id_0>                                       ,Hertha BSC,France national association football team
109,<extra_id_0> is the head of the government of Livorno                                    ,Filippo Nogarin,Massimiliano Allegri
110,Heather Humphreys holds the position of<extra_id_0>                                    ,Teachta Dála,United States representative
111,Călin Popescu-Tăriceanu is a member of the<extra_id_0>                               ,Liberal Reformist Party (Romania),National Liberal Party of Romania
112,Brigitte Boccone-Pagès is a member of the<extra_id_0>                            ,Horizon Monaco,Social Democratic Party of Catalonia
113,<extra_id_0> is the chair of International Shooting Sport Federation                                      ,Olegario Vázquez Raña,Xavier University
114,Recep Tayyip Erdo<unk> an holds the position of<extra_id_0>                              ,President of Turkey,President of the European Commission
115,Clive Baldock works for<extra_id_0>                                       ,University of Tasmania,Ministry of Defence
116,Giorgia Meloni is a member of the<extra_id_0>                                 ,Brothers of Italy,New Centre-Right
117,Carmen Lamela D<unk> az works for<extra_id_0>                                    ,National Court of Spain,Cadena SER
118,Kimbrough Memorial Stadium is owned by<extra_id_0>                                      ,West Texas A&M University,University of North Carolina at Chapel Hill
119,Alma Zadi<unk> is a member of the<extra_id_0>                                   ,NOW – Pilz List,Serbian Radical Party
120,Alma Zadi<unk> works for<extra_id_0>                                       ,Freshfields Bruckhaus Deringer,Ministry of Infrastructure and Development
121,Jordan Randall Smith works for<extra_id_0>                                        ,Peabody Institute,United States Navy
122,Belinda Johnson works for<extra_id_0>                                        ,Airbnb,University of North Carolina at Chapel Hill
123,Bronwyn Harch works for<extra_id_0>                                       ,Commonwealth Scientific and Industrial Research Organisation,University of Oxford
124,Rene Farrell plays for<extra_id_0>                                        ,Australia national cricket team,New York Knicks
125,Tomi Lahren works for<extra_id_0>                                        ,One America News Network,Nordic Regional Airlines
126,Brendan Eich holds the position of<extra_id_0>                                      ,chief technology officer,United States representative
127,Amos Yong works for<extra_id_0>                                       ,Fuller Theological Seminary,Xiaomi
128,Fratelli Fabbri Editori is owned by<extra_id_0>                                   ,RCS MediaGroup,Frattura Frattura
129,Dwight Tiendalli plays for<extra_id_0>                                     ,Swansea City A.F.C.,New York Knicks
130,<extra_id_0> is the chair of Czech Social Democratic Party                                       ,Bohuslav Sobotka,Vtzslav Lavika
131,T L Taylor works for<extra_id_0>                                       ,Massachusetts Institute of Technology,United States Department of State
132,Charles Michel holds the position of<extra_id_0>                                        ,Prime Minister of Belgium,diocesan bishop
133,<extra_id_0> is the chair of European Bank for Reconstruction and Development                                    ,Suma Chakrabarti,Jean-Claude Boulard
134,<extra_id_0> is the head coach of Atlético Madrid                                     ,Diego Simeone,ngel Mara Villar
135,James Lankford holds the position of<extra_id_0>                                      ,United States representative,auxiliary bishop
136,<extra_id_0> is the head of the government of Turin                                      ,Piero Fassino,Silvio Berlusconi
137,Christine Sinclair plays for<extra_id_0>                                         ,Portland Thorns FC,New York Knicks
138,Chris Leslie holds the position of<extra_id_0>                                       ,Shadow Chief Secretary to the Treasury,United States representative
139,Wout Brama plays for<extra_id_0>                                        ,PEC Zwolle,Netherlands national association football team
140,Chesley Sully Sullenberger works for<extra_id_0>                                 ,CBS News,University of Texas at Austin
141,Stephen Powis works for<extra_id_0>                                        ,Royal Free London NHS Foundation Trust,University of Oxford
142,Elisabeth Bik works for<extra_id_0>                                     ,Stanford University School of Medicine,Deutsche Bank
143,Robyn Denholm works for<extra_id_0>                                      ,"Tesla, Inc.",University of North Carolina at Chapel Hill
144,PanAmericano is owned by<extra_id_0>                                        ,BTG Pactual,Banco Santander
145,<extra_id_0> is the head coach of Odds BK                                     ,Dag-Eilev Fagermo,Torsten Nielsen
146,John Mensah plays for<extra_id_0>                                       ,Accra Hearts of Oak SC,Ghana national cricket team
147,Jole Santelli is a member of the<extra_id_0>                                   ,Forza Italia (2013),Democratic Party
148,Masterpiece is owned by<extra_id_0>                                         ,Agnes Gund,Discovery Communications Nordic
149,Giuseppe Pisanu is a member of the<extra_id_0>                                 ,Civic Choice,New Centre-Right
150,Euclid Tsakalotos works for<extra_id_0>                                   ,National and Kapodistrian University of Athens,University of Oxford
151,Mariló Montero works for<extra_id_0>                                      ,Televisión Española,Cadena SER
152,Pierre de Villiers holds the position of<extra_id_0>                                      ,Major General of the Armed Forces,diocesan bishop
153,Conor Murray plays for<extra_id_0>                                         ,Munster Rugby,Scotland national football team
154,<extra_id_0> is the chair of National Electoral Council of Venezuela                                    ,Tibisay Lucena,Nicolás Maduro
155,Poul Michelsen is a member of the<extra_id_0>                                   ,Progress,Progress
156,Joel Byrom plays for<extra_id_0>                                         ,Preston North End F.C.,New York Knicks
157,4chan is owned by<extra_id_0>                                         ,Christopher Poole,Discovery Communications Nordic
158,Peter Altmaier holds the position of<extra_id_0>                                      ,Federal Minister for Special Affairs of Germany,United States senator
159,Chris Lewington plays for<extra_id_0>                                        ,Colchester United F.C.,England and Wales cricket team
160,Tuomas Eerola works for<extra_id_0>                                     ,Durham University,Estonian Institute of Public Health
161,<extra_id_0> is the head of the government of Donetsk Peoples Republic                                ,Alexander Boroday,Sergey Solodovnikov
162,<extra_id_0> is the chair of Christian Social Peoples Party                                     ,Michel Wolter,Christian Lindner
163,Keith Olbermann works for<extra_id_0>                                        ,ESPN,The Trump Organization
164,Juice Robinson works for<extra_id_0>                                         ,WWE,The Trump Organization
165,SourceForge is owned by<extra_id_0>                                        ,Dice.com,Salesforce Marketing Cloud
166,Ma Ying-jeou holds the position of<extra_id_0>                                   ,President of the Republic of China,President of the Executive Yuan
167,Rabbit is owned by<extra_id_0>                                         ,S. I. Newhouse,Berkshire Hathaway
168,When Will You Marry? is owned by<extra_id_0>                                     ,Rudolf Staechelin,Berkshire Hathaway
169,Sharon R Lewin works for<extra_id_0>                                       ,Monash University,United States Department of Energy
170,Frank-Walter Steinmeier holds the position of<extra_id_0>                                   ,Federal Minister for Foreign Affairs,auxiliary bishop
171,<extra_id_0> is the head coach of FC Argeș                                      ,Emil Săndoi,tefan Bădoi
172,Melanie Keen works for<extra_id_0>                                         ,Iniva,University of Cambridge
173,<extra_id_0> is the head of the government of Saint Petersburg                                      ,Georgy Poltavchenko,Sergey Solodovnikov
174,Tom Cotton holds the position of<extra_id_0>                                        ,United States representative,United States senator
175,Chris Porter plays for<extra_id_0>                                          ,Sheffield United F.C.,England national association football team
176,<extra_id_0> is the head of the government of Ky<unk> to Prefecture                                  ,Keiji Yamada,Shinz Abe
177,Norbert Perrimon works for<extra_id_0>                                       ,Harvard Medical School,National Trust
178,<extra_id_0> is the chair of European Research Council                                        ,Jean-Pierre Bourguignon,Xavier University
179,Joakim Noah plays for<extra_id_0>                                        ,Chicago Bulls,Chelsea F.C.
180,Tim Bresnan plays for<extra_id_0>                                       ,Hobart Hurricanes,New York Knicks
181,Alexander Stubb holds the position of<extra_id_0>                                       ,Minister for European Affairs and Foreign Trade,United States senator
182,Alex Morgan plays for<extra_id_0>                                          ,United States women's national soccer team,England national association football team
183,Pierre-Emerick Aubameyang plays for<extra_id_0>                                  ,Borussia Dortmund,France national association football team
184,Philip W Kantoff works for<extra_id_0>                                      ,Brigham and Women's Hospital,United States Department of Energy
185,Anerood Jugnauth holds the position of<extra_id_0>                                 ,Prime Minister of Mauritius,President of India
186,Brenda L Bloodgood works for<extra_id_0>                                        ,"University of California, San Diego",United States Department of State
187,Joana Ortega i Alemany is a member of the<extra_id_0>                               ,Democratic Union of Catalonia,Democratic Convergence of Catalonia
188,<extra_id_0> is the head of the government of Batangas                                    ,Vilma Santos,President of the Philippines
189,Kevitsa mine is owned by<extra_id_0>                                      ,First Quantum Minerals,Ministry of Petroleum and Energy of Russia
190,Carles Puigdemont is a member of the<extra_id_0>                                 ,Democratic Convergence of Catalonia,Democratic Convergence of Catalonia
191,Douglas Carswell is a member of the<extra_id_0>                                    ,Conservative Party,Republican Party
192,Karolin Luger works for<extra_id_0>                                        ,Colorado State University,Volkswagen Group
193,Matt Prior plays for<extra_id_0>                                          ,England and Wales cricket team,England national association football team
194,<extra_id_0> is the chair of TOP 09                                         ,Karel Schwarzenberg,scar Pareja
195,Ruffin McNeill works for<extra_id_0>                                        ,East Carolina Pirates football,United States Department of State
196,Mazie Hirono holds the position of<extra_id_0>                                     ,United States senator,Vice President of Nigeria
197,Lamar Alexander holds the position of<extra_id_0>                                       ,United States senator,United States senator
198,James Rodr<unk> guez plays for<extra_id_0>                                      ,AS Monaco FC,Mexico national football team
199,<extra_id_0> is the head coach of Telenet-Fidea                                    ,Danny De Bie,Cristiano De Luca
200,Reyahn King works for<extra_id_0>                                        ,Heritage Fund,Ministry of Petroleum and Energy of Norway
201,Yossi Benayoun plays for<extra_id_0>                                    ,Queens Park Rangers F.C.,Al Ahly SC
202,<extra_id_0> is the chair of Verkhovna Rada                                    ,Volodymyr Groysman,Sergey Solodovnikov
203,<extra_id_0> is the head of the government of Basse-Terre                                  ,Lucette Michaux-Chevry,Jean-Claude Boulard
204,Dragoș Pîslaru is a member of the<extra_id_0>                               ,independent politician,Social Democratic Party of Moldova
205,Jordan Nwora attended<extra_id_0>                                        ,The Park School of Buffalo,Xavier University
206,Tom Price holds the position of<extra_id_0>                                        ,United States representative,United States senator
207,<extra_id_0> is the chair of Gibraltar Socialist Labour Party                                    ,Fabian Picardo,Xavier Bettel
208,Gennady Gudkov is a member of the<extra_id_0>                                ,Russian Opposition Coordination Council,People's Movement Party
209,<extra_id_0> is the head of the government of S<unk> o Paulo                                   ,Fernando Haddad,Eduardo Joo Jardim
210,<extra_id_0> is the head of the government of S<unk> o Paulo                                   ,Geraldo Alckmin,Eduardo Joo Jardim
211,Won Hee-ryong is a member of the<extra_id_0>                                 ,Liberty Korea Party,Democratic Party of Korea
212,Rathika Sitsabaiesan is a member of the<extra_id_0>                               ,New Democratic Party,People's National Congress Party
213,<extra_id_0> is the chair of European Parliament Committee on Foreign Affairs                                     ,Elmar Brok,Jean-Claude Boulard
214,Stephen Dobbie plays for<extra_id_0>                                        ,Fleetwood Town F.C.,Scotland national football team
215,Hart Blanton works for<extra_id_0>                                         ,University of Connecticut,United States Department of Energy
216,Portrait of Professor Benjamin H Rand is owned by<extra_id_0>                                    ,Crystal Bridges Museum of American Art,National Museum of the American Indian
217,Arturo Scotto is a member of the<extra_id_0>                                   ,"Left, Ecology and Freedom",People's National Congress Party
218,RA Dickey plays for<extra_id_0>                                     ,Toronto Blue Jays,England national association football team
219,Nabil Dirar plays for<extra_id_0>                                        ,AS Monaco FC,Al Ahly SC
220,Kongregate is owned by<extra_id_0>                                        ,GameStop,Norwegian National Rail Administration
221,Gilbert Arenas plays for<extra_id_0>                                         ,Shanghai Sharks,Brazil national football team
222,Jason Reese works for<extra_id_0>                                       ,University of Edinburgh,The Spaceship Company
223,Andrew D Martin works for<extra_id_0>                                        ,University of Michigan,United States Department of Energy
224,K<unk> re Schultz works for<extra_id_0>                                      ,Novo Nordisk,Norwegian National Rail Administration
225,Eurosport is owned by<extra_id_0>                                         ,Discovery Inc.,Volkswagen Group
226,Lisa Murkowski holds the position of<extra_id_0>                                       ,United States senator,United States representative
227,Gianni Alemanno is a member of the<extra_id_0>                                   ,Brothers of Italy,New Centre-Right
228,<extra_id_0> is the head of the government of Qatar                                       ,Abdullah bin Nasser bin Khalifa Al Thani,Abdullah of Qatar
229,Nuno Brás da Silva Martins holds the position of<extra_id_0>                                 ,auxiliary bishop,President of Brazil
230,Maro<unk> <unk> ef<unk> ovi<unk> holds the position of<extra_id_0>                                ,European Commissioner for Energy,member of the European Parliament
231,Jim Murphy holds the position of<extra_id_0>                                        ,Shadow Secretary of State for International Development,United States senator
232,Karyn A Temple works for<extra_id_0>                                      ,United States Copyright Office,The Trump Organization
233,Bruce Hyer is a member of the<extra_id_0>                                     ,Green Party of Canada,Republican Party
234,Ionel-Sorin Moisă is a member of the<extra_id_0>                              ,Social Democratic Party,Social Democratic Party of Moldova
235,Vivian Li works for<extra_id_0>                                        ,National Institute for Medical Research,Xiaomi
236,Martin Hamilton-Smith is a member of the<extra_id_0>                                    ,Liberal Party of Australia,Conservative Party of Canada
237,<extra_id_0> is the head of the government of Rio Grande do Sul                                   ,Tarso Genro,Eduardo Joo Jardim
238,John Guidetti plays for<extra_id_0>                                       ,Sweden national association football team,Australia national cricket team
239,Christofer Clemente works for<extra_id_0>                                      ,The University of Queensland,European Solidarity
240,Joan Josep Nuet is a member of the<extra_id_0>                                  ,United and Alternative Left,People's National Congress Party
241,<extra_id_0> is the head of the government of Liaoning                                    ,Chen Zhenggao,Xia Jiantong
242,LA Weekly is owned by<extra_id_0>                                         ,Voice Media Group,The New York Times Company
243,<extra_id_0> is the chair of Association for Symbolic Logic                                    ,Alasdair Urquhart,Xavier University
244,Sayuri Uenishi is a member of the<extra_id_0>                                  ,Japan Innovation Party,Democratic Party of Japan
245,Llu<unk> s Corominas i D<unk> az is a member of the<extra_id_0>                        ,Democratic Convergence of Catalonia,Democratic Convergence of Catalonia
246,Stuart Broad plays for<extra_id_0>                                          ,England and Wales cricket team,Australia national cricket team
247,Diego Ribas da Cunha plays for<extra_id_0>                                     ,Atlético Madrid,Brazil national football team
248,Ahmad Zahid Hamidi holds the position of<extra_id_0>                                     ,Minister of Home Affairs,President of Pakistan
249,Luciano Onder works for<extra_id_0>                                       ,RAI,New York Yankees
250,Enrico dal Covolo holds the position of<extra_id_0>                                 ,titular bishop,diocesan bishop
251,Shakib Al Hasan plays for<extra_id_0>                                      ,Bangladesh national cricket team,Al Ahly SC
252,Vasile Blaga is a member of the<extra_id_0>                                    ,Democratic Liberal Party,People's Movement Party
253,Scott Frost works for<extra_id_0>                                          ,Oregon Ducks,Discovery Communications Nordic
254,Frans Van de Werf works for<extra_id_0>                                      ,European Society of Cardiology,Rijksmuseum
255,<extra_id_0> is the head coach of Skydive Dubai-Al Ahli                                ,Andreas Petermann,Abdullah of Dubai
256,<extra_id_0> is the chair of Bank of Lithuania                                        ,Vitas Vasiliauskas,Valdas Dambrauskas
257,<extra_id_0> is the head of the government of Flanders                                     ,Geert Bourgeois,Philippe Lamberts
258,Josep Rull i Andreu is a member of the<extra_id_0>                               ,Democratic Convergence of Catalonia,People's Movement Party
259,Justin Welby holds the position of<extra_id_0>                                      ,Archbishop of Canterbury,United States senator
260,<extra_id_0> is the head of the government of Changhua County                                   ,Cho Po-yuan,Xia Jiantong
261,Mette Frederiksen holds the position of<extra_id_0>                                   ,Danish Minister for Labour,party leader
262,WOSX is owned by<extra_id_0>                                        ,Denison University,Entercom
263,<extra_id_0> is the chair of Union rationaliste                                       ,Édouard Brézin,Mark Warburton
264,Robbie Rogers plays for<extra_id_0>                                        ,LA Galaxy II,England national association football team
265,Tom Finkelpearl works for<extra_id_0>                                      ,New York City Department of Cultural Affairs,University of Oxford
266,Gabriel Salazar works for<extra_id_0>                                         ,University of Chile,Canal+
267,<extra_id_0> is the head coach of LSU Tigers football                                     ,Les Miles,Jeff Fisher
268,Peggy Piesche works for<extra_id_0>                                        ,University of Bayreuth,Fox News
269,Ann Sarnoff works for<extra_id_0>                                        ,BBC America,The New York Times
270,Peter Kohlgraf works for<extra_id_0>                                         ,Catholic University of Applied Sciences Mainz,Deutsche Bank
271,Seiya Ando attended<extra_id_0>                                       ,Meiji University,Yokohama High School
272,<extra_id_0> is the head coach of KAA Gent                                   ,Hein Vanhaezebrouck,Ruben Ayala
273,Helen McEntee holds the position of<extra_id_0>                                     ,Teachta Dála,United States representative
274,Eskil Br<unk> ndbo is a member of the<extra_id_0>                                ,Conservative Party of Norway,Norwegian Labour Party
275,Andris Piebalgs holds the position of<extra_id_0>                                   ,"European Commissioner for International Cooperation, Humanitarian Aid and Crisis Response",member of the European Parliament
276,Didier Fassin works for<extra_id_0>                                      ,Institute for Advanced Study,France Inter
277,Joaquim Forn is a member of the<extra_id_0>                                  ,Democratic Convergence of Catalonia,People's National Congress Party
278,Maria Ohisalo attended<extra_id_0>                                        ,University of Eastern Finland,St. Joseph High School
279,Ghulam Rasool Sahi is a member of the<extra_id_0>                             ,Pakistan Muslim League (N),Pakistan Muslim League (N)
280,<extra_id_0> is the head coach of Legia Warsaw                                      ,Henning Berg,Stanislav Lev
281,Ron Estes holds the position of<extra_id_0>                                       ,Kansas State Treasurer,United States senator
282,Brian Mullan plays for<extra_id_0>                                         ,Colorado Rapids,Ireland national football team
283,Shelley Moore Capito holds the position of<extra_id_0>                                   ,United States representative,United States representative
284,Emanuela Del Gado works for<extra_id_0>                                   ,ETH Zurich,Canal+
285,Shay Given plays for<extra_id_0>                                         ,Middlesbrough F.C.,England national association football team
286,James McClean plays for<extra_id_0>                                        ,Wigan Athletic F.C.,Scotland national football team
287,Romelu Lukaku plays for<extra_id_0>                                      ,Everton F.C.,Estonia national football team
288,<extra_id_0> is the head coach of Angers SCO                                     ,Stéphane Moulin,Jean-Claude Boulard
289,Sabrina Ionescu attended<extra_id_0>                                      ,Miramonte High School,Universidade Estadual Paulista
290,<extra_id_0> is the chair of Progressive Party of Maldives                                     ,Maumoon Abdul Gayoom,Abdullah of Maldives
291,Rahm Emanuel holds the position of<extra_id_0>                                   ,Mayor of Chicago,President of Nigeria
292,Kari Turunen holds the position of<extra_id_0>                                     ,chairperson,President of Finland
293,Nikólaos Chount<unk> s is a member of the<extra_id_0>                             ,SYRIZA,Lithuanian Peasant and Greens Union
294,Nordic Regional Airlines is owned by<extra_id_0>                                        ,Flybe,Nordic Regional Airlines
295,Gareth Barry plays for<extra_id_0>                                        ,Everton F.C.,Cardiff City F.C.
296,Lucas Richman works for<extra_id_0>                                         ,Bangor Symphony Orchestra,Fox News
297,Luis Almagro holds the position of<extra_id_0>                                      ,foreign minister,President of Ecuador
298,Luis Planas holds the position of<extra_id_0>                                     ,general secretary,President of Ecuador
299,Thorgan Hazard plays for<extra_id_0>                                         ,Borussia Mönchengladbach,France national association football team
300,Chen Guangcheng works for<extra_id_0>                                       ,Witherspoon Institute,Lenovo
301,M<unk> ris Ku<unk> inskis is a member of the<extra_id_0>                               ,Liepāja Party,Lithuanian Peasant and Greens Union of Lithuania
302,Julie Ertz plays for<extra_id_0>                                         ,United States women's national soccer team,Germany national association football team
303,Trey Lance attended<extra_id_0>                                          ,Marshall High School,North Dakota State Bison football
304,Antonino Raspanti holds the position of<extra_id_0>                                    ,diocesan bishop,diocesan bishop
305,Ian Jacobs works for<extra_id_0>                                         ,University of Manchester,University of Oxford
306,Dominique Mamberti holds the position of<extra_id_0>                                     ,Secretary for Relations with States,diocesan bishop
307,Katherine Joy works for<extra_id_0>                                          ,University of Manchester,The Guardian
308,<extra_id_0> is the chair of National Assembly                                         ,Amadou Salifou,Sergey Solodovnikov
309,Meng Wanzhou holds the position of<extra_id_0>                                     ,chief financial officer,President of the Executive Yuan
310,Shoaib Malik plays for<extra_id_0>                                      ,Barbados Tridents,India national cricket team
311,Philippe Couillard holds the position of<extra_id_0>                                      ,Member of the National Assembly of Quebec,diocesan bishop
312,Anam Vivekananda Reddy is a member of the<extra_id_0>                               ,Indian National Congress,YSR Congress Party
313,Philip A Gale works for<extra_id_0>                                       ,University of Southampton,National Museum of the American Indian
314,Bergen Line is owned by<extra_id_0>                                        ,Norwegian National Rail Administration,Norwegian National Rail Administration
315,Amar Gupta works for<extra_id_0>                                      ,Pace University,Tata Group
316,Melania Cristescu works for<extra_id_0>                                       ,McGill University,National Liberal Party of Romania
317,<extra_id_0> is the head of the government of Texas                                       ,Rick Perry,Xavier University
318,John L Hennessy holds the position of<extra_id_0>                                   ,president,United States senator
319,<extra_id_0> is the chair of Ministry of Finance                                        ,Siv Jensen,Sergey Solodovnikov
320,Joseph Daul holds the position of<extra_id_0>                                       ,member of the European Parliament,United States senator
321,Stephen Hawking works for<extra_id_0>                                         ,University of Cambridge,University of Cambridge
322,Trent Kelly holds the position of<extra_id_0>                                        ,district attorney,Teachta Dála
323,<extra_id_0> is the head of the government of Hawaii                                       ,David Ige,Eddie Howe
324,Alexei Navalny is a member of the<extra_id_0>                                  ,Progress Party,People's Movement Party
325,Vera Papisova works for<extra_id_0>                                      ,Condé Nast,Ministry of Infrastructure and Development
326,Thomas Hutzschenreuter works for<extra_id_0>                                      ,WHU-Otto Beisheim School of Management,Deutsche Bank
327,<extra_id_0> is the head coach of SV Waldhof Mannheim                                   ,Kenan Koçak,Thomas Tuchel
328,Dan Satterberg is a member of the<extra_id_0>                                    ,Republican Party,Republican Party of Minnesota
329,Didier Digard plays for<extra_id_0>                                        ,OGC Nice,France national association football team
330,<extra_id_0> is the chair of RCD Mallorca                                        ,Utz Claassen,ngel Mara Villar
331,Armen Amiryan works for<extra_id_0>                                      ,Public Radio of Armenia,Ministry of Petroleum and Energy of Armenia
332,Rob Gronkowski plays for<extra_id_0>                                        ,New England Patriots,New York Knicks
333,Gustavo Petro is a member of the<extra_id_0>                                     ,Movimiento Progresistas (izquierda),People's National Congress Party
334,Roberto Cassinelli is a member of the<extra_id_0>                                   ,Forza Italia (2013),New Centre-Right
335,Bradley Wiggins plays for<extra_id_0>                                        ,Ineos Grenadier,England national association football team
336,Tyrese Maxey attended<extra_id_0>                                      ,South Garland High School,Stanford University
337,Chris Lu holds the position of<extra_id_0>                                        ,United States Deputy Secretary of Labor,Vice President of the Executive Yuan
338,Rodrigo Palacio plays for<extra_id_0>                                      ,Inter Milan,Real Madrid CF
339,Akram Hasson is a member of the<extra_id_0>                                    ,Kadima,United Malays National Organisation
340,Nicole Bricq is a member of the<extra_id_0>                                    ,Socialist Party,Socialist Party
341,Corina Crețu is a member of the<extra_id_0>                                  ,Social Democratic Party,National Liberal Party of Romania
342,Ertharin Cousin holds the position of<extra_id_0>                                   ,executive director,United States representative
343,Richard G Whitman works for<extra_id_0>                                       ,University of Kent,United States Department of Energy
344,Robinho plays for<extra_id_0>                                          ,Brazil national football team,Brazil national football team
345,Mohammad Bagher Ghalibaf holds the position of<extra_id_0>                                ,Mayor of Tehran,President of Pakistan
346,Masaaki <unk> sawa is a member of the<extra_id_0>                                 ,independent politician,Democratic Party of Japan
347,Gitta Kutyniok works for<extra_id_0>                                  ,Technical University of Berlin,Ministry of Infrastructure and Development
348,Annegret Kramp-Karrenbauer holds the position of<extra_id_0>                               ,chairperson,European Commissioner for Competition
349,Shafiqur Rahman Barq is a member of the<extra_id_0>                               ,Bahujan Samaj Party,Pakistan Muslim League (N)
350,Luciano Becchio plays for<extra_id_0>                                     ,Rotherham United F.C.,Juventus FC
351,Paola Binetti is a member of the<extra_id_0>                                    ,Union of the Centre,New Centre-Right
352,Jang Geun-suk attended<extra_id_0>                                      ,Hanyang University,Xia Jiantong
353,Ferran Bel Accensi is a member of the<extra_id_0>                                ,Democratic Convergence of Catalonia,New Centre-Right
354,<extra_id_0> is the head coach of Tennis Borussia Berlin                                      ,Markus Schatte,Michael Häupl
355,<extra_id_0> is the head coach of Borussia Dortmund                                       ,Jürgen Klopp,Thomas Tuchel
356,Ben Carson is a member of the<extra_id_0>                                      ,Republican Party,Republican Party
357,<extra_id_0> is the head coach of Metec-TKH-Mantel                                  ,Adri van Houwelingen,Sergey Solodovnikov
358,Jean-Paul Garraud is a member of the<extra_id_0>                                  ,Union for a Popular Movement,Union for a Popular Movement
359,Misty Jenkins works for<extra_id_0>                                        ,Peter MacCallum Cancer Centre,The A.V. Club
360,Misbah-ul-Haq plays for<extra_id_0>                                    ,Pakistan national cricket team,Pakistan national cricket team
361,Vladimir Ashurkov works for<extra_id_0>                                        ,Anti-corruption Foundation,Ministry of Finance of Russia
362,Richie McCaw plays for<extra_id_0>                                      ,Crusaders,New York Knicks
363,<extra_id_0> is the chair of Green League                                         ,Ville Niinistö,sa Romson
364,Mustapha Madih works for<extra_id_0>                                      ,Chabab Rif Al Hoceima,Ministry of Petroleum and Energy of Maldives
365,<extra_id_0> is the head coach of Helsingin Jalkapalloklubi                              ,Sixten Boström,Mikkjal Thomassen
366,<extra_id_0> is the chair of Jammu and Kashmir Peoples Democratic Party                                 ,Mufti Mohammad Sayeed,Sushil Koirala
367,Jessica Shepard attended<extra_id_0>                                         ,Fremont Senior High School,Stanford University
368,Hannah Dee works for<extra_id_0>                                         ,Aberystwyth University,The Spaceship Company
369,Hickory Daily Record is owned by<extra_id_0>                                     ,Berkshire Hathaway,Berkshire Hathaway
370,Beatrice Brignone is a member of the<extra_id_0>                                   ,Democratic Party,Democratic Party
371,Matthew DeGennaro works for<extra_id_0>                                      ,The Rockefeller University,The New York Times
372,<extra_id_0> is the head of the government of Gyeonggi Province                                   ,Nam Kyung-pil,Shinz Abe
373,Craig Gordon plays for<extra_id_0>                                          ,Celtic F.C.,Scotland national football team
374,Amiruddin Hamzah is a member of the<extra_id_0>                                 ,Malaysian Islamic Party,United Malays National Organisation
375,Apryl A Alexander works for<extra_id_0>                                       ,Auburn University,United States Department of Energy
376,<extra_id_0> is the chair of BayernSPD                                        ,Florian Pronold,Christian Lindner
377,<extra_id_0> is the head coach of University College Dublin AFC                                 ,Martin Russell,Mick McCarthy
378,Gheorghe Falcă is a member of the<extra_id_0>                                  ,Democratic Liberal Party,People's Movement Party
379,Westfield Wheaton is owned by<extra_id_0>                                       ,Westfield Group,Westfield Group
380,Sabine Schmidtke works for<extra_id_0>                                        ,Freie Universität Berlin,Funke Mediengruppe
381,<extra_id_0> is the head of the government of Milan                                       ,Giuliano Pisapia,Mario Draghi
382,Adrián González plays for<extra_id_0>                                      ,Los Angeles Dodgers,Real Madrid CF
383,Fraser Forster plays for<extra_id_0>                                         ,Southampton F.C.,Australia national cricket team
384,Heather Bresch holds the position of<extra_id_0>                                       ,chief executive officer,United States representative
385,511 Federal Building is owned by<extra_id_0>                                       ,General Services Administration,United States Department of State
386,Dacian Cioloș holds the position of<extra_id_0>                                     ,European Commissioner for Agriculture and Rural Development,President of Romania
387,Yoh Iwasa works for<extra_id_0>                                       ,Kyushu University,Yokohama District Health Board
388,Louis Moresi works for<extra_id_0>                                        ,Monash University,France Inter
389,<extra_id_0> is the chair of Ministry of Foreign Affairs of the Republic of Korea                                  ,Yun Byung-se,Shinz Abe
390,Dianne F Harrison works for<extra_id_0>                                       ,"California State University, Northridge",United States Department of State
391,Mark Norman holds the position of<extra_id_0>                                        ,Commander of the Royal Canadian Navy,United States senator
392,Nadarajah Asokan works for<extra_id_0>                                    ,Aalto University,Ministry of Petroleum and Energy of Malaysia
393,Ashok Tanwar is a member of the<extra_id_0>                                    ,Indian National Congress,Bharatiya Janata Party
394,<extra_id_0> is the chair of Rio Tinto Group                                       ,Jan du Plessis,Xia Jiantong
395,<extra_id_0> is the head of the government of Bourges                                      ,Pascal Blanc,Philippe Saurel
396,Jürgen Klopp works for<extra_id_0>                                       ,Borussia Dortmund,Volkswagen Group
397,<extra_id_0> is the head coach of Pauwels Sauzen-Bingoal                               ,Mario De Clercq,Jean-Claude Boulard
398,Tia Eron is a member of the<extra_id_0>                                    ,Republicanos,People First Party
399,James Dolan works for<extra_id_0>                                         ,Freedom of the Press Foundation,United States Department of State
400,Alberto Contador plays for<extra_id_0>                                        ,Tinkoff,FC Barcelona
401,Todd Rokita holds the position of<extra_id_0>                                      ,United States representative,United States senator
402,Hunter Biden works for<extra_id_0>                                         ,BHR Partners,The Trump Organization
403,Asia Durr attended<extra_id_0>                                          ,St. Pius X Catholic High School,Stanford University
404,Elizabeth Truss holds the position of<extra_id_0>                                      ,"Secretary of State for Environment, Food and Rural Affairs",United States senator
405,Boxer TV Access is owned by<extra_id_0>                                       ,Teracom,Golden State Warriors
406,Charlotte Hornets is owned by<extra_id_0>                                       ,Michael Jordan,Charlotte Hornets
407,Cesc Fàbregas plays for<extra_id_0>                                      ,FC Barcelona,Real Madrid CF
408,Muttiah Muralitharan plays for<extra_id_0>                                   ,Royal Challengers Bangalore,Sri Lanka national cricket team
409,<extra_id_0> is the head of the government of Pescara                                    ,Marco Alessandrini,Silvio Berlusconi
410,<extra_id_0> is the chair of Rhode Island School of Design                                      ,Rosanne Somerson,Mark Carney
411,Pernille Vermund is a member of the<extra_id_0>                                 ,Conservative People's Party,Social Democratic Party of Germany
412,P J Fleck works for<extra_id_0>                                      ,Western Michigan Broncos football,United States Department of State
413,Éamon <unk> Cu<unk> v holds the position of<extra_id_0>                                  ,Teachta Dála,Teachta Dála
414,Henrikh Mkhitaryan plays for<extra_id_0>                                   ,Borussia Dortmund,France national association football team
415,Jonah Berger works for<extra_id_0>                                        ,The Wharton School,Fox News
416,Victor Oladipo plays for<extra_id_0>                                       ,Orlando Magic,Ghana national football team
417,<extra_id_0> is the head coach of Carolina Panthers                                       ,Ron Rivera,Mike McCarthy
418,Syed Mustafa Kamal is a member of the<extra_id_0>                                ,Muttahida Qaumi Movement,United Malays National Organisation
419,<extra_id_0> is the chair of Peoples Freedom Party                                      ,Vladimir Ryzhkov,Sergey Solodovnikov
420,Pranab Mukherjee holds the position of<extra_id_0>                                 ,President of India,Member of Rajya Sabha
421,Wojciech Szcz<unk> sny plays for<extra_id_0>                                ,Arsenal F.C.,FC Chornomorets Odesa
422,Chloe Bibby attended<extra_id_0>                                      ,Rowville Secondary College,St. Vincent Pallotti High School
423,Christiane Endler plays for<extra_id_0>                                        ,South Florida Bulls,Germany national association football team
424,Chris Turney works for<extra_id_0>                                         ,University of New South Wales,University of North Carolina at Chapel Hill
425,Marissa Mayer works for<extra_id_0>                                        ,Yahoo,Fox News
426,CY Leung holds the position of<extra_id_0>                                      ,Chief Executive of Hong Kong,Vice President of the Legislative Yuan
427,Federico Macheda plays for<extra_id_0>                                       ,Cardiff City F.C.,FC Barcelona
428,<extra_id_0> is the chair of Welsh Parliament                                         ,Rosemary Butler,David Cameron
429,Ryan Babel plays for<extra_id_0>                                         ,Kasımpaşa S.K.,New York Knicks
430,Erin McLeod plays for<extra_id_0>                                      ,Houston Dash,Scotland national football team
431,<extra_id_0> is the head of the government of Pakistan                                       ,Nawaz Sharif,Chief Election Commissioner of Pakistan
432,<extra_id_0> is the head of the government of Taiwan                                       ,Mao Chi-kuo,Xi Jinping
433,<extra_id_0> is the head of the government of Boise                                     ,David H. Bieter,Jim Prentice
434,Wishnutama works for<extra_id_0>                                        ,NET.,Ministry of Petroleum and Energy of India
435,Ellen D Williams works for<extra_id_0>                                        ,ARPA-E,United States Department of Energy
436,<extra_id_0> is the chair of Open Source Initiative                                        ,Simon Phipps,Xia Jiantong
437,Nicolás Maduro holds the position of<extra_id_0>                                   ,President of Venezuela,President of Ecuador
438,<extra_id_0> is the chair of Caritas Italiana                                     ,Giuseppe Merisi,Silvio Berlusconi
439,Santi Vila i Vicente is a member of the<extra_id_0>                                ,Democratic Convergence of Catalonia,Democratic Convergence of Catalonia
440,Aleksa Be<unk> i<unk> is a member of the<extra_id_0>                                 ,Socialist People's Party of Montenegro,Serbian Radical Party
441,Ferrari is owned by<extra_id_0>                                          ,Fiat Chrysler Automobiles,Fininvest
442,Pepe plays for<extra_id_0>                                          ,Real Madrid CF,FC Barcelona
443,Catherine Guillouard works for<extra_id_0>                                       ,Rexel,France Inter
444,Carlo Rovelli works for<extra_id_0>                                       ,Aix-Marseille University,RCS MediaGroup
445,Monta Ellis plays for<extra_id_0>                                         ,Dallas Mavericks,France national association football team
446,Chris Lattner works for<extra_id_0>                                       ,Apple Inc.,The Trump Organization
447,<extra_id_0> is the head of the government of Hamburg                                       ,Olaf Scholz,Reince Priebus
448,Ilya Sutskever works for<extra_id_0>                                     ,Google Brain,Ministry of Infrastructure and Development
449,Thorbj<unk> rn Jagland holds the position of<extra_id_0>                                 ,Secretary General of the Council of Europe,party leader
450,Johan Djourou plays for<extra_id_0>                                       ,Arsenal F.C.,Netherlands national association football team
451,Paul Butler holds the position of<extra_id_0>                                        ,Bishop of Durham,United States senator
452,Audun Lysbakken holds the position of<extra_id_0>                                   ,party leader,President of Norway
453,Vince Cable holds the position of<extra_id_0>                                        ,"Secretary of State for Business, Energy and Industrial Strategy",United States senator
454,Lamar Jackson attended<extra_id_0>                                          ,Boynton Beach Community High School,Florida Gulf Coast University
455,Dina Bousselham is a member of the<extra_id_0>                                   ,Podemos,Socialist Party of Catalonia
456,<extra_id_0> is the head of the government of Pau                                      ,Martine Lignières-Cassou,Jean-Claude Boulard
457,Yu Darvish plays for<extra_id_0>                                        ,Texas Rangers,India national cricket team
458,Peter Mathieson works for<extra_id_0>                                        ,University of Bristol,University of Oxford
459,<extra_id_0> is the chair of PEN International                                        ,John R. Saul,Xavier University
460,Kevin-Prince Boateng plays for<extra_id_0>                                      ,Ghana national football team,England national association football team
461,<extra_id_0> is the head of the government of Sahrawi Arab Democratic Republic                                 ,Abdelkader Taleb Omar,Yahya Ould Hademine
462,<extra_id_0> is the chair of Supreme Court of Justice                                       ,Eckart Ratz,Xavier University
463,Clive Palmer is a member of the<extra_id_0>                                     ,Clive Palmer's United Australia Party,Liberal National Party of Queensland
464,Stephanie Wehner works for<extra_id_0>                                        ,Centre for Quantum Technologies,The Trump Organization
465,<extra_id_0> is the head coach of Brighton & Hove Albion FC                              ,Chris Hughton,Mark Warburton
466,<extra_id_0> is the head of the government of Auckland                                       ,Len Brown,Tony Abbott
467,Pier Paolo Pandolfi works for<extra_id_0>                                   ,Beth Israel Deaconess Medical Center,Ministry of Infrastructure and Development
468,Micael Bydén holds the position of<extra_id_0>                                   ,Commander of the Air Force,President of the European Commission
26,0.05543710021321962
